id,title,overview,genre_ids,release_date,poster_path,is_modified,vote_average,vote_count,popularity
574475,Destino final: Lazos de sangre,"Acosada por una violenta pesadilla recurrente, la estudiante universitaria Stefanie se dirige a casa para localizar a la única persona que podría ser capaz de romper el ciclo y salvar a su familia de la espeluznante muerte que inevitablemente les espera a todos.","{27,9648}",2025-05-14,https://image.tmdb.org/t/p/w500/frNkbclQpexf3aUzZrnixF3t5Hw.jpg,FALSE,7.2,1039,1179.7021
552524,Lilo y Stitch,La conmovedora y divertidísima historia de una solitaria niña hawaiana y el extraterrestre fugitivo que la ayuda a reparar su desestructurada familia.,"{10751,878,35,12}",2025-05-17,https://image.tmdb.org/t/p/w500/tUae3mefrDVTgm5mRzqWnZK6fOP.jpg,FALSE,7.1,677,412.5716
1426776,Harta,"¿Cuál será la gota que colme el vaso? Un día devastador lleva al límite a una madre soltera y trabajadora, y la empuja a cometer un impactante acto de desesperación.","{53,18,80}",2025-06-05,https://image.tmdb.org/t/p/w500/eAf8Is1xX4gq4Jk14iFC1qhmT8R.jpg,FALSE,8.051,557,345.6187
1087891,Amateur,"Charlie Heller es un brillante pero introvertido decodificador de la CIA que trabaja en una oficina en el sótano de la sede de Langley. Su vida cambia radicalmente cuando su esposa muere en un ataque terrorista en Londres. Cuando sus supervisores se niegan a tomar cartas en el asunto, él mismo toma las riendas y se embarca en un peligroso viaje por todo el mundo para localizar a los responsables. Su inteligencia puede ser el arma definitiva para llevar a cabo su venganza.","{53,28}",2025-04-09,https://image.tmdb.org/t/p/w500/9WPWF0AmklsKclrXeyKXbQ543ZA.jpg,FALSE,6.924,559,334.9235
1087192,Cómo entrenar a tu dragón,"En la escarpada isla de Berk, donde vikingos y dragones han sido enemigos acérrimos durante generaciones, Hipo se desmarca desafiando siglos de tradición cuando entabla amistad con Desdentao, un temido dragón de la Furia Nocturna. Su insólito vínculo revela la verdadera naturaleza de los dragones y desafía los cimientos de la sociedad vikinga.","{28,10751,14}",2025-06-06,https://image.tmdb.org/t/p/w500/sGFO6VshDEQ9vX4tOSobLJpkNhq.jpg,FALSE,8.03,333,349.6505
1181039,La tumba del rey maldito,"Tres aventureros logran escapar del temible Pozo Fantasma de Jingjue, pero no salen ilesos: se infectan con una enfermedad mortal. Para salvarse, deben encontrar la mítica Perla de Haochen, escondida en la tumba del Rey Xian, que es la única capaz de romper la maldición de los ojos fantasmales. En su épica búsqueda, se enfrentan a trampas mortales en las tumbas antiguas.","{28,12,27}",2023-09-22,https://image.tmdb.org/t/p/w500/Ak5gLdMklxjPjKyUEUDK6P2wt2y.jpg,FALSE,8.0,3,327.0199
1442776,Guerra de mutantes,"El vertido de aguas residuales de una fábrica da origen a un lagarto gigante mutante. Después del accidente, el jefe ordena reunir a un grupo de vecinos para intentar dar caza a la bestia. El mejor cazador de la aldea, Hu Tianming, y la zoóloga Zhao Xiaoye logran localizar el escondite del lagarto gigante basándose en sus hábitos biológicos.","{28,53,27}",2024-03-27,https://image.tmdb.org/t/p/w500/nimnvsGwgJBPnsRrmdlIDi2Yhbn.jpg,FALSE,0.0,0,330.1801
1376434,Predator: Asesino de asesinos,"Esta antología original de animación narra las aventuras de tres de los guerreros más fieros de la historia de la humanidad: una saqueadora vikinga que guía a su hijo en su sangrienta búsqueda de la venganza, un ninja del Japón feudal que se enfrenta a su hermano samurái en una brutal batalla por la sucesión y un piloto de la Segunda Guerra Mundial que surca los cielos para investigar una amenaza extraterrestre contra los Aliados.","{16,28,878}",2025-06-05,https://image.tmdb.org/t/p/w500/qHDsrBZJRx6ZCO4tocFh3gnbosU.jpg,FALSE,7.994,551,242.0604
1240475,Caza al mal,"Narra la historia del agente de la policía de estupefacientes Huang Mingjin y el misterioso Wei Yunzhou. A través de medios y métodos completamente diferentes, en el proceso de cálculo y lucha entre ellos, desgarran la fachada de tranquilidad urbana, exponiendo la red subterránea de drogas tejida por la mano oculta ""Long Wang"".",{28},2024-02-12,https://image.tmdb.org/t/p/w500/n78hDmtawKOvJh3YLMcC5OJr2ER.jpg,FALSE,5.571,7,270.7634
1239193,Deep Cover: Actores encubiertos,"Kat es una profesora de teatro de improvisación que empieza a preguntarse si ha dejado pasar su oportunidad de triunfar. Cuando un policía encubierto le ofrece el papel de su vida, Kat recluta a dos de sus alumnos para infiltrarse en el mundo criminal londinense haciéndose pasar por peligrosos delincuentes.","{28,35,80}",2025-06-12,https://image.tmdb.org/t/p/w500/dpLNAIU8AjAxw39fZfSDt2AiwMs.jpg,FALSE,6.74,154,219.3617
870028,El contable 2,"Cuando un viejo conocido es asesinado, Wolff se ve obligado a resolver el caso. Al darse cuenta de que son necesarias medidas más extremas, Wolff recluta a su hermano Brax, distanciado y muy letal, para que le ayude. En colaboración con Marybeth Medina, descubren una conspiración mortal y se convierten en objetivo de una despiadada red de asesinos que no se detendrán ante nada para mantener sus secretos enterrados.","{9648,80,53}",2025-04-23,https://image.tmdb.org/t/p/w500/jcV9YfjBRo6occxqeWtEiyWwMoG.jpg,FALSE,7.201,867,223.2411
1127110,Diablo,,"{28,53}",2025-06-13,https://image.tmdb.org/t/p/w500/uFQduVyYIinJy3eLjozgfl6Xtcn.jpg,FALSE,6.871,31,236.7301
1379587,Utopia,"Un soldado investiga la desaparición de su esposa y se infiltra en las instalaciones creyendo que ha sido víctima de la trata. Descubre que se trata de un parque de fantasía futurista en el que realidad e ilusión se confunden, lo que complica su búsqueda de la verdad sobre el destino de la mujer.","{9648,53,28,878}",2024-12-09,https://image.tmdb.org/t/p/w500/81PlfsAsb2wLY56UsbnUpMn80xh.jpg,FALSE,5.432,37,186.4278
1289601,Lucha por tu vida,"Un instructor de artes marciales se enfrenta a la desaparición de dos de sus alumnos, lo que le lleva a un enfrentamiento directo con un grupo internacional de traficantes de niños.","{28,18,53}",2024-06-07,https://image.tmdb.org/t/p/w500/8iZZyL7FyC4wYipwKemvuf58U3R.jpg,FALSE,7.077,39,197.0727
1233413,Los pecadores,"Tratando de dejar atrás sus problemáticas vidas, dos hermanos gemelos regresan a su pueblo natal para empezar de nuevo, solo para descubrir que un mal aún mayor les espera para darles la bienvenida.","{27,53,14}",2025-04-16,https://image.tmdb.org/t/p/w500/jIVa5m9s7bKYdI0KH8wFw1qLxHl.jpg,FALSE,7.549,1563,197.5341
1100988,28 años después,"Años transcurridos tras los sucesos de ""28 semanas después"", el virus de la ira ha regresado y un grupo de supervivientes debe sobrevivir en un mundo asolado por hordas de infectados. Rodada con un iPhone 15 Pro Max y con la ayuda de numerosos accesorios especializados.","{27,53,878}",2025-06-18,https://image.tmdb.org/t/p/w500/cn4PNK6FQnaUDDqu1vhfqZAZd39.jpg,FALSE,7.344,109,181.447
950387,Una película de Minecraft,"Cuatro inadaptados se encuentran luchando con problemas ordinarios cuando de repente se ven arrastrados a través de un misterioso portal al Mundo Exterior: un extraño país de las maravillas cúbico que se nutre de la imaginación. Para volver a casa, tendrán que dominar este mundo mientras se embarcan en una búsqueda mágica con un inesperado experto artesano, Steve.","{10751,35,12,14}",2025-03-31,https://image.tmdb.org/t/p/w500/rZYYmjgyF5UP1AVsvhzzDOFLCwG.jpg,FALSE,6.508,1842,178.9916
1017163,Fuerza bruta: Castigo,"Mientras investigan una aplicación de tráfico de drogas, Ma Seok-do y su equipo descubren una conexión entre el desarrollador de la aplicación, asesinado en Filipinas, y una organización de apuestas ilegales online. Mientras tanto, en Filipinas, Baek Chang-gi controla el mercado coreano de apuestas ilegales y siembra el terror con secuestros, agresiones y asesinatos. Su socio, el genio informático Chang Dong-cheol, planea un plan aún mayor en la propia Corea. Para poner fin a la creciente amenaza, el detective Ma amplía su operación proponiendo una alianza inesperada... Cuarta entrega de la exitosa franquicia de acción surcoreana 'The Roundup'.","{28,80,18,53,35}",2024-04-24,https://image.tmdb.org/t/p/w500/h6DvCL25R61iRzN7qkUnFg6O33A.jpg,FALSE,6.854,140,144.8015
1450599,K.O.,Un exluchador debe encontrar al hijo de un rival al que mató por accidente hace años y se enfrenta a una violenta banda criminal en Marsella.,"{28,18,12}",2025-06-05,https://image.tmdb.org/t/p/w500/uTbQg4zQ0eGXlKl8imLu64LLJQX.jpg,FALSE,6.616,134,141.2367
666154,Kayara. La guerrera del imperio Inca,"Una joven inca, apasionada por el trabajo de los mensajeros Chasqui, sueña con unirse a este grupo exclusivo de hombres encargados de llevar mensajes a lo largo del vasto Imperio Inca. Desafiando las estrictas normas de género y las tradiciones de su sociedad, la joven lucha contra las expectativas impuestas y enfrenta numerosos obstáculos en su búsqueda por cumplir su ambición. A pesar de las adversidades, su determinación y coraje la impulsan a romper barreras y a demostrar que su lugar está en el corazón del imperio.","{12,16,10751}",2025-01-02,https://image.tmdb.org/t/p/w500/A1DSh29atQjLZCVCddMyGw1mbM8.jpg,FALSE,7.657,51,145.089
1315988,Mikaela,"Víspera de Reyes. Una tormenta de nieve sin precedentes asola España. En medio del caos de una autopista colapsada, un grupo de atracadores aprovecha la oportunidad para asaltar un furgón blindado. A escasos metros se encuentra Leo (Antonio Resines), un policía en las últimas que no tiene nada que perder. Con la ayuda inesperada de una joven, juntos tratarán de evitar que la banda huya con el botín en una persecución a contrarreloj en medio del temporal.","{28,53}",2025-01-31,https://image.tmdb.org/t/p/w500/jm6lNbpmKcxX6M0pieaKhP6hs3w.jpg,FALSE,6.196,51,136.4305
1152619,Possessions,,{27},2024-04-12,https://image.tmdb.org/t/p/w500/39a7zYZvkGfs7EOVVK3dQlWyYJ0.jpg,FALSE,4.0,18,133.4634
541671,Ballerina,"Eve Macarro es una asesina entrenada por la Ruska Roma desde su infancia, la misma organización criminal encargada del adiestramiento de John Wick. En esta violenta historia de venganza, Eve intentará por todos los medios averiguar quién está detrás del asesinato de su padre. En su lucha por conocer la verdad, tendrá que atenerse a las normas de la Alta Mesa y, por supuesto, a las del Hotel Continental, donde descubrirá que existen secretos ocultos sobre su pasado.","{28,53,80}",2025-06-04,https://image.tmdb.org/t/p/w500/gQCrYmvCK7JCLXjCGTMRF5Lzr5c.jpg,FALSE,7.092,333,124.3866
575265,Misión: Imposible - Sentencia final,"El agente Ethan Hunt continúa su misión de impedir que Gabriel controle el tecnológicamente omnipotente programa de IA conocido como ""the Entity"".","{28,12,53}",2025-05-17,https://image.tmdb.org/t/p/w500/haOjJGUV00dKlZaJWgjM1UD1cJV.jpg,FALSE,7.156,815,124.8486
1284120,La hermanastra fea,"Elvira lucha contra su hermosa hermanastra en un reino donde la belleza reina suprema. Ella recurre a medidas extremas para cautivar al príncipe, en medio de una despiadada competición por la perfección física.","{27,35,14,18}",2025-03-07,https://image.tmdb.org/t/p/w500/mk4vGUy03tUCgJsOuwkYy877RYo.jpg,FALSE,7.1,190,106.4595
1197306,A Working Man,"Levon Cade dejó atrás una condecorada carrera militar en las operaciones encubiertas para vivir una vida sencilla trabajando en la construcción. Pero cuando la hija de su jefe, que para él es como de la familia, es secuestrada por traficantes de personas, su búsqueda para traerla a casa descubre un mundo de corrupción mucho mayor de lo que jamás podría haber imaginado.","{28,80,53}",2025-03-26,https://image.tmdb.org/t/p/w500/aG50Ad3UV8cCQWpNWSHHUqgKGNB.jpg,FALSE,6.7,1268,105.6752
1225916,3ão: Uma História Sem Fim,,"{10751,12}",2023-12-11,https://image.tmdb.org/t/p/w500/ghNV52iBTQgtkd0nFZkAyvngCbr.jpg,FALSE,8.375,4,22.0703
447273,Blancanieves,"Tras la desaparición del benévolo Rey, la Reina Malvada dominó la otrora bella tierra con una vena cruel. La princesa Blancanieves huye del castillo cuando la Reina, celosa de su belleza interior, intenta matarla. En lo profundo del oscuro bosque, se topa con siete enanos mágicos y un joven bandido llamado Jonathan. Juntos, luchan por sobrevivir a la implacable persecución de la Reina y aspiran a recuperar el reino en el proceso.","{10751,14}",2025-03-12,https://image.tmdb.org/t/p/w500/sm91FNDF6OOKU4hT9BDW6EMoyDB.jpg,FALSE,4.281,1148,101.2814
1097311,Echo Valley,"Kate es una madre que trata de reconducir su relación con su problemática hija Claire. La situación se vuelve crítica cuando Claire aparece sin avisar en casa de Kate, histérica y cubierta de la sangre de otra persona. A medida que Kate trata de desvelar la terrible verdad de lo sucedido, descubrirá hasta qué punto puede llegar una madre para tratar de salvar a su hija.","{53,18}",2025-06-13,https://image.tmdb.org/t/p/w500/1E4WCgTodyS7zo8pSp1gZlPO0th.jpg,FALSE,6.432,117,95.8215
803796,Las guerreras k-pop,"Cuando no están llenando estadios, las superestrellas del K-pop Rumi, Mira y Zoey usan sus poderes secretos para proteger a sus fans de una amenaza sobrenatural.","{16,14,28,10402,35}",2025-06-20,https://image.tmdb.org/t/p/w500/swQRKmW7RLhncPYHvM0RHz8b7bT.jpg,FALSE,8.4,26,95.2883
1403735,లైలా,,"{35,10749}",2025-02-14,https://image.tmdb.org/t/p/w500/l4gsNxFPGpzbq0D6QK1a8vO1lBz.jpg,FALSE,5.8,5,96.7669
1449951,Snow White,"Cuando los celos de la Reina se vuelven mortales, Blancanieves debe unir fuerzas con los gnomos para luchar contra la ira de su madrastra.","{16,10751,14}",2025-03-07,https://image.tmdb.org/t/p/w500/pEK0Ir45l1e0QvpBTsCu0hVwTDm.jpg,FALSE,7.429,7,101.6234
10191,Cómo entrenar a tu dragón,"Ambientada en el mítico mundo de los rudos vikingos y los dragones salvajes, y basada en el libro infantil de Cressida Cowell, esta comedia de acción narra la historia de Hipo, un vikingo adolescente que no encaja exactamente en la antiquísima reputación de su tribu como cazadores de dragones. El mundo de Hipo se trastoca al encontrar a un dragón que le desafía a él y a sus compañeros vikingos, a ver el mundo desde un punto de vista totalmente diferente.","{14,12,16,10751}",2010-03-18,https://image.tmdb.org/t/p/w500/8ekxsUORMAsfmSc8GzHmG8gWPbp.jpg,FALSE,7.845,13502,88.7854
1241982,Vaiana 2,"Tras recibir una inesperada llamada de sus antepasados, Vaiana debe viajar a los lejanos mares de Oceanía y adentrarse en peligrosas aguas perdidas para vivir una aventura sin precedentes.","{16,12,10751,35}",2024-11-21,https://image.tmdb.org/t/p/w500/b1WsCRfomw7tRi12NuseKsAJxYK.jpg,FALSE,7.075,2485,91.1579
757725,Shadow Force,"Con una recompensa por sus cabezas, la pareja formada por Omar Sy y Kerry Washington, huye con su hijo para escapar de su antigua organización: una unidad de operaciones en la sombra que ha sido enviada para liquidarlos.","{28,18,53}",2025-05-01,https://image.tmdb.org/t/p/w500/7IEW24vBiZerZrDlgLVSUU3oT1C.jpg,FALSE,6.418,79,83.3835
986056,Thunderbolts*,Un grupo de supervillanos y antihéroes van en misiones para el gobierno. Basado en la serie de cómics del mismo nombre.,"{28,878,12}",2025-04-30,https://image.tmdb.org/t/p/w500/cGOBis1KNC8AkYMcOEw4lCycfD1.jpg,FALSE,7.4,1141,85.2164
1396122,তান্ডব,,"{28,53}",2025-06-07,https://image.tmdb.org/t/p/w500/iplMLlXU1BgmTz4xviILTOlECYL.jpg,FALSE,8.75,4,73.4328
1241436,Warfare: Tiempo de guerra,"Basada en las experiencias reales del ex marine Ray Mendoza (codirector y coguionista de la película) durante la guerra de Irak. Introduce al espectador en la experiencia de un pelotón de Navy SEALs estadounidenses. Concretamente en una misión de vigilancia que se tuerce en territorio insurgente. Una historia visceral y a pie de campo sobre la guerra moderna y la hermandad, contada como nunca antes: en tiempo real y basada en los recuerdos de quienes la vivieron.","{10752,28}",2025-04-09,https://image.tmdb.org/t/p/w500/i0vm0Iot5gN8XfhzZIWeoOX7rcw.jpg,FALSE,7.188,597,81.8966
1022787,Elio,"Cuenta la historia de Elio, un niño de 11 años, que lucha por encajar hasta que de repente es transportado por extraterrestres y es elegido para ser el embajador galáctico de la Tierra.","{10751,35,12,16,878}",2025-06-18,https://image.tmdb.org/t/p/w500/fGjwHlv8bCjZypi2bHbbSmyIGMV.jpg,FALSE,6.903,36,77.796
170,28 días después,"Londres es un cementerio. Las calles están ahora desiertas. Reina un silencio total. Tras la propagación de un virus que acabó con la mayor parte de la población, tuvo lugar la invasión de unos seres terroríficos. El virus se difundió, tras la incursión en un laboratorio, de un grupo de defensores de los derechos de los animales. Transmitido por la sangre, el virus produce efectos devastadores. En 28 días la epidemia se extiende por todo el país y sólo queda un puñado de supervivientes...","{27,53,878}",2002-10-31,https://image.tmdb.org/t/p/w500/sIGsLU7hMDVKhGKsRFcFxUAtFyT.jpg,FALSE,7.238,7257,96.878
822119,Capitán América: Brave New World,"Tras reunirse con el recién elegido presidente de los EE. UU., Thaddeus Ross, Sam se encuentra en medio de un incidente internacional. Debe descubrir el motivo que se esconde tras un perverso complot global, antes de que su verdadero artífice enfurezca al mundo entero.","{28,53,878}",2025-02-12,https://image.tmdb.org/t/p/w500/vUNj55xlF0pSU5FU3yDHC6L5wVX.jpg,FALSE,6.07,2196,71.2031
1011477,Karate Kid: Legends,"Tras una tragedia familiar, el prodigio del kung fu Li Fong se ve obligado a abandonar su hogar en Pekín y trasladarse a Nueva York con su madre. Cuando un nuevo amigo necesita su ayuda, Li se presenta a una competición de kárate, pero sus habilidades no son suficientes. El profesor de kung fu de Li, el Sr. Han, pide ayuda al Karate Kid original, Daniel LaRusso, y Li aprende una nueva forma de luchar, fusionando sus dos estilos en uno solo para el enfrentamiento definitivo de artes marciales.","{28,12,18}",2025-05-08,https://image.tmdb.org/t/p/w500/efNhiZPk71FTYJ30dBkWMfc939D.jpg,FALSE,6.881,151,68.2342
1199974,Párvulos: Hijos Del Apocalipsis,"En un mundo desolado, tres hermanos viven solos en una casa abandonada en medio del bosque. Pasan sus días esperando el supuesto regreso de sus padre, escuchando el mismo disco y cazando para alimentar a la criatura que ocultan en el sótano",{27},2024-10-18,https://image.tmdb.org/t/p/w500/oAj9KEuPZgQjd0UO2VmBqAY0wnd.jpg,FALSE,7.068,22,62.6338
1232933,Terror en el Río,Un equipo de buceadores se enfrenta a un tiburón toro en las profundidades y a un grupo de despiadados criminales en la superficie.,"{27,28,12,53}",2025-05-02,https://image.tmdb.org/t/p/w500/kIO7eVOivYH9LptLxdXio5KRor.jpg,FALSE,6.698,63,66.7897
1232546,Until Dawn,"Un año después de la misteriosa desaparición de su hermana Melanie, Clover y sus amigas se dirigen al remoto valle donde desapareció en busca de respuestas. Mientras exploran un centro de visitantes abandonado, son acechadas por un asesino enmascarado que las mata una a una de forma horrible… para después despertar y encontrarse de nuevo al principio de la misma noche.","{27,9648}",2025-04-23,https://image.tmdb.org/t/p/w500/exgfubqSbF4veI4uXFOdbV66gEf.jpg,FALSE,6.574,698,66.0556
1022787,Elio,"Cuenta la historia de Elio, un niño de 11 años, que lucha por encajar hasta que de repente es transportado por extraterrestres y es elegido para ser el embajador galáctico de la Tierra.","{10751,35,12,16,878}",2025-06-18,https://image.tmdb.org/t/p/w500/fGjwHlv8bCjZypi2bHbbSmyIGMV.jpg,FALSE,6.9,34,77.796
1421982,Kiff: La historia del anillo de luz,Kiff y sus amigos se embarcan en una aventura para destruir un anillo de luz de inmenso poder.,"{16,12,35,14,10751,10402}",2025-01-21,https://image.tmdb.org/t/p/w500/efqeK11WdXNkiOz7FkyrUCJZvwv.jpg,FALSE,6.857,7,60.1852
1411773,The Last Stand of Ellen Cole,,"{28,12}",2024-10-18,https://image.tmdb.org/t/p/w500/oq1pGVQ2t3Cy4v7sA4LRhNjtZuJ.jpg,FALSE,8.119,21,58.2783
324544,Tierras perdidas,"Basada en el relato de George R. R. Martin. Una reina (Amara Okereke), desesperada por encontrar la felicidad en el amor, envía a la poderosa bruja Gray Alys (Milla Jovovich) a las Tierras Perdidas, en busca de un poder mágico que permite a una persona transformarse en un hombre lobo. Con el misterioso cazador Boyce (Dave Bautista), que la apoya en la lucha contra criaturas oscuras y despiadadas, Gray deambula por un mundo inquietante y peligroso. Pero solo ella sabe que, cada deseo que se concede, tiene consecuencias inimaginables.","{28,14,12}",2025-02-27,https://image.tmdb.org/t/p/w500/sLDxndoqFWwJEq7iEdYQBzPjUDQ.jpg,FALSE,6.516,487,59.3268
1010581,Culpa mía,"Noah debe dejar su ciudad, novio y amigos para mudarse a la mansión de William Leister, el flamante y rico marido de su madre Rafaela. Por otro lado, con 17 años, orgullosa e independiente, Noah se resiste a vivir en una mansión rodeada de lujo. Allí conoce a Nick, su nuevo hermanastro, y el choque de sus fuertes personalidades se hace evidente desde el primer momento.","{10749,18}",2023-06-08,https://image.tmdb.org/t/p/w500/gp31EwMH5D2bftOjscwkgTmoLAB.jpg,FALSE,7.8,3711,63.5018
1180648,Mudbrick,"Después de heredar una vieja casa de adobe en su pueblo natal en Europa del Este, un hombre regresa después de pasar toda su vida en Inglaterra, solo para descubrir que los habitantes esconden un oscuro secreto sobre el culto eslavo pagano y su propio pasado.","{27,18}",2024-10-10,https://image.tmdb.org/t/p/w500/paVJNyxq5odaAHC9YlmNUlceQpu.jpg,FALSE,4.5,6,111.3454
7451,xXx,"Xander Cage es XXX, un antiguo ganador de X-Games y atleta profesional de deportes de extremo, que sobrevive vendiendo videos de sus increíbles hazañas, las cuales hacen emitir adrenalina por todo el cuerpo. Pero después de incontables encuentros con la ley, su mundo está a punto de tomar un rumbo aún más extremo... Porque Xander no sabe que ha sido ""espiado"" por Augustus Gibbons, un agente veterano de la Agencia Nacional de Seguridad que se encuentra en una desesperada situación en la distante ciudad de Praga, en donde su operativo secreto ha sido asesinado por una pandilla de mafiosos con un estilo muy propio, que se llaman así mismos Anarchy 99, encabezados por el brutal ex-Comandante del Ejército Ruso Yorgi.","{28,12,53,80}",2002-08-09,https://image.tmdb.org/t/p/w500/gd4hRY3pFXRY7YVbMdVBpnKV7wC.jpg,FALSE,5.945,4440,63.3145
939243,Sonic 3: La película,"Sonic, Knuckles y Tails se reúnen para enfrentarse a un nuevo y poderoso adversario, Shadow, un misterioso villano cuyos poderes no se parecen a nada de lo que nuestros héroes han conocido hasta ahora. Con sus facultades superadas en todos los sentidos, el Equipo Sonic tendrá que establecer una insólita alianza con la esperanza de detener a Shadow y proteger el planeta.","{28,878,35,10751}",2024-12-19,https://image.tmdb.org/t/p/w500/3aDWCRXLYOCuxjrjiPfLd79tcI6.jpg,FALSE,7.713,2698,59.8805
715287,새엄마의 욕망,,"{18,10749}",2020-05-29,https://image.tmdb.org/t/p/w500/rYC6UyML4CU4zYiZVbDMrwnGyWW.jpg,FALSE,7.2,20,61.7128
1395724,痴人の愛,,{18},2024-11-29,https://image.tmdb.org/t/p/w500/fKNBwFKX4VMC73hJr81GpsoUsQO.jpg,FALSE,6.0,1,61.3042
947891,Mi yo adulta,"Elliott Labrant, a quien su futuro yo le ha aconsejado que no se enamore, está segura de que puede hacerlo después de recibir el consejo. Hasta que conoce al chico del que le advirtió su yo mayor.","{35,18}",2024-09-13,https://image.tmdb.org/t/p/w500/e6AcxsoQny1iqsEVbrR1IjmDZpA.jpg,FALSE,6.871,337,55.551
166428,Cómo entrenar a tu dragón 3,"Lo que comenzó como la inesperada amistad entre un joven vikingo y un temible dragón, Furia Nocturna,  se ha convertido en una épica trilogía que ha recorrido sus vidas. En esta nueva entrega, Hipo y Desdentao descubrirán finalmente su verdadero destino: para uno, gobernar Isla Mema junto a Astrid; para el otro, ser el líder de su especie. Pero, por el camino, deberán poner a prueba los lazos que los unen, plantando cara a la mayor amenaza que jamás haya afrontado... y a la aparición de una Furia Nocturna hembra.","{16,10751,12}",2019-01-03,https://image.tmdb.org/t/p/w500/rhnoAReqO3Xoe6GbJhT3409lnq8.jpg,FALSE,7.75,6643,60.3108
11544,Lilo & Stitch,"Lilo es una niña hawaiana que se siente sola y decide adoptar un ""perro"" muy feo al que llama Stitch. Stitch sería la mascota perfecta... si no fuera en realidad un experimento genético que ha escapado de un planeta alienígena y que ha aterrizado por casualidad en la tierra.","{16,10751,35}",2002-06-21,https://image.tmdb.org/t/p/w500/9jrmKyhNGam2pj89bcxmhQzXCNo.jpg,FALSE,7.6,6632,59.1293
1257960,Sikandar,"Un hombre valiente se enfrenta a una poderosa red de corrupción, desafiando el status quo y luchando por los derechos de la gente común en una nación presa de la injusticia.","{28,18}",2025-03-29,https://image.tmdb.org/t/p/w500/41s42CRXafa3OuRGvCtfYPEBmse.jpg,FALSE,4.923,52,54.1654
968171,性教育ママ,,{35},1973-11-20,https://image.tmdb.org/t/p/w500/xghWMg0pkBOdLHCTESyeyHU68wl.jpg,FALSE,5.9,5,60.1926
1426680,Nuestros tiempos,"El hallazgo científico de Nora y Héctor les permite viajar en el tiempo desde 1966 hasta 2025. Mientras él lucha por adaptarse, ella florece... pero ¿a qué precio?","{878,10749,35}",2025-06-09,https://image.tmdb.org/t/p/w500/t0XyRsfjnxznZb803hXtleSXhtG.jpg,FALSE,6.728,46,49.1092
589018,Salvajes,"En Borneo, en el límite de la gran selva tropical, la Keria acoge a un bebé orangután, encontrado en la plantación de palmeras de aceite donde trabaja su padre. Junto con su primo Selaï y el bebé orangután, la Keria luchará contra la destrucción del bosque, en una aventura que le permitirá conectar con sus orígenes.","{12,16,18,10751}",2024-10-16,https://image.tmdb.org/t/p/w500/reiMKMAnOF68EF8f8ai8YrScqdb.jpg,FALSE,7.0,23,48.0176
1225915,El ladrón de joyas,"En este explosivo duelo de astucia y estrategia, el hábil estafador Rehan planifica un robo de diamantes mientras trata de burlar a Rajan, su despiadado adversario.","{28,53}",2025-04-24,https://image.tmdb.org/t/p/w500/hzuus3qrQct2JeoAs2AGMYzKzjZ.jpg,FALSE,6.81,63,44.2599
762509,Mufasa: El rey león,"Rafiki debe transmitir la leyenda de Mufasa a la joven cachorro de león Kiara, hija de Simba y Nala, y con Timón y Pumba prestando su estilo característico. Mufasa, un cachorro huérfano, perdido y solo, conoce a un simpático león llamado Taka, heredero de un linaje real. Este encuentro casual pone en marcha un viaje de un extraordinario grupo de inadaptados que buscan su destino.","{12,10751,16}",2024-12-18,https://image.tmdb.org/t/p/w500/dmw74cWIEKaEgl5Dv3kUTcCob6D.jpg,FALSE,7.389,2210,50.1532
911430,F1 la película,"El mítico piloto Sonny Hayes vuelve de su retiro, persuadido para liderar un equipo de Fórmula 1 en apuros y guiar a su joven promesa, en busca de una nueva oportunidad de éxito.","{28,18}",2025-06-25,https://image.tmdb.org/t/p/w500/2rovpt08A266rqRWRzxDlEhJ5Uo.jpg,FALSE,9.0,4,51.5554
1040159,My Massive Cock,,{99},2022-10-24,https://image.tmdb.org/t/p/w500/9JQHViS8uugeWKfFsnEj3xTB2dZ.jpg,FALSE,5.8,8,44.9732
977294,Agente infiltrado,"Emmanuel intenta infiltrarse en una secta liderada por The Bokushi, que recluta veteranos de guerra con trastorno por estrés postraumático para crear un ejército de Shinjas devotos que empiezan a preocupar al gobierno. Sin éxito, recluta a un exdiscípulo y exmilitar, que acepta usar su conocimiento sobre el enigmático líder mientras intenta vengarse de él por haberle quitado todo lo que tenía.","{28,53}",2025-05-22,https://image.tmdb.org/t/p/w500/kV1j0KzbNGPz5EUqzUOrVTtDx2u.jpg,FALSE,4.898,59,46.5537
1241894,Woodwalkers,"A primera vista, Carag parece un chico normal, pero tras sus ojos brillantes se esconde un secreto increíble: Carag es un cambiaformas. Creció en la naturaleza como un puma y ahora vive en el mundo de los humanos en su forma de cachorro. Sólo cuando Carag es aceptado en Clearwater High, un internado secreto para Woodwalkers como él, se siente como en casa. Encuentra amigos en Holly, una descarada ardilla roja, y Brandon, un tímido bisonte. Y a Carag le viene muy bien, porque el mundo de los Woodwalkers está lleno de enigmas y peligros...","{10751,14}",2024-10-17,https://image.tmdb.org/t/p/w500/n84V8SLmc7242ltKRePD5uvP8Xb.jpg,FALSE,6.196,28,44.2569
1136867,Materialistas,El lucrativo negocio de una casamentera se complica cuando cae en un tóxico triángulo amoroso que amenaza a sus clientes.,"{10749,18}",2025-06-12,https://image.tmdb.org/t/p/w500/u15ytqp6QmHymVVw1xxdodZ5N02.jpg,FALSE,7.074,34,47.4173
1234821,Jurassic World: El renacer,"Cinco años después de los eventos de ""Dominion"", sigue a Zora (Scarlett Johansson), que dirige un equipo para conseguir material genético de tres enormes dinosaurios. Cuando la operación se cruza con una familia, quedan varados en una isla donde hacen un siniestro descubrimiento.","{878,12,28}",2025-07-01,https://image.tmdb.org/t/p/w500/k8ZmT0TpNGdUUUU4sWJyI8NL4uX.jpg,FALSE,0.0,0,51.8699
1219555,Wunderschöner,"Cuando el político Philipp es grabado con una prostituta, su esposa Nadine queda devastada. Vicky enseña feminismo mientras añora a su pareja distante. Julie sufre abusos sexuales por parte de un compañero del equipo del programa. Sonja y Milan, tras una pelea, acuden a terapia.","{35,18,10749}",2025-02-13,https://image.tmdb.org/t/p/w500/aPJVxNLNffSeiEgJPo1b3yAkZP2.jpg,FALSE,7.868,19,47.3119
1303162,Cells at Work!,"Cada cuerpo es una legión de células, todas ellas cumpliendo su función para mantener en funcionamiento a su propietario.","{12,28,35,14}",2024-12-13,https://image.tmdb.org/t/p/w500/2Nf05hK89IFsaIBScAHQUNaRELX.jpg,FALSE,7.72,25,46.4393
1233069,Extraterritorial,"Cuando su hijo desaparece en un consulado de EE. UU., una exsoldado de las fuerzas especiales hará lo imposible por encontrarlo... y destapará una oscura conspiración.","{53,28}",2025-04-29,https://image.tmdb.org/t/p/w500/bTYbNWz4kI1P3GzEVvWZwyZT7Uv.jpg,FALSE,6.769,480,44.7324
568770,Poseída,Un ser oscuro y siniestro entra en el cuerpo de un niño inocente.,"{27,9648}",2025-06-05,https://image.tmdb.org/t/p/w500/t9MqBGo9BWainDLms66YLiDr5aS.jpg,FALSE,7.714,14,45.1978
1184918,Robot salvaje,"Esta aventura épica cuenta la historia de una robot, Rozzum 7-1-3-4, ""Roz"" para abreviar, que naufraga en una isla inhabitada y debe aprender a adaptarse a los entornos rigurosos construyendo relaciones con los animales de la isla y convirtiéndose en la madre adoptiva de una cría de ganso huérfana.","{16,878,10751}",2024-09-12,https://image.tmdb.org/t/p/w500/a0a7RC01aTa7pOnskgJb3mCD2Ba.jpg,FALSE,8.313,5077,43.5382
975615,Words of War,,"{18,53}",2025-05-02,https://image.tmdb.org/t/p/w500/fszN3PSB40FYsFzkHvNZrXLes0M.jpg,FALSE,5.857,7,44.0502
950396,El abismo secreto,"Mandan a dos operativos de élite a vigilar lados opuestos de un misterioso abismo y allí intiman desde la distancia, pero deberán aunar fuerzas para sobrevivir al mal que esconde el abismo.","{10749,878,53}",2025-02-13,https://image.tmdb.org/t/p/w500/3s0jkMh0YUhIeIeioH3kt2X4st4.jpg,FALSE,7.711,2706,46.7547
1124620,El Mono,"Cuando dos hermanos gemelos encuentran un misterioso mono de cuerda, una serie de muertes atroces separan a su familia. Veinticinco años después, el mono comienza una nueva matanza que obliga a los hermanos a enfrentarse al juguete maldito.","{27,35}",2025-02-14,https://image.tmdb.org/t/p/w500/aPAzmD8YAErjz5GzQ1tgkTlv28S.jpg,FALSE,5.954,720,45.856
1094473,"Bambi, una vida en el bosque","Adaptación del libro “Bambi, la historia de una vida en el bosque” de Felix Salten, la película cuenta las aventuras de un joven cervatillo, rodeado de su madre y de los animales del bosque: su amigo el cuervo, el conejo, el mapache... Descubre el mundo de los árboles y sus secretos. Cada día, su madre lo educa para que pueda crecer fuerte. Pero cuando llega el otoño, Bambi se aventura a la intemperie cuando los cazadores lo separan para siempre de su madre.","{12,10751,99}",2024-10-16,https://image.tmdb.org/t/p/w500/fvtIXQH4JcifptPe0J9GfLDIOAQ.jpg,FALSE,6.036,28,44.4304
896536,La Leyenda de Ochi,Una niña descubre los misterios de la comunicación animal.,"{10751,14,12}",2025-04-18,https://image.tmdb.org/t/p/w500/uyz9qcZdIrUqVrwly3KB5oPUKZO.jpg,FALSE,6.351,124,43.9498
967160,Claudia,,{18},1985-12-12,https://image.tmdb.org/t/p/w500/d8NYTygRU6ztSuvCdx6VoM5qQpF.jpg,FALSE,0.0,0,40.4889
897160,Mujer Valiente,"Es una película de acción de héroes orientada a la vida que cuenta la historia de una mujer que alguna vez fue prospecto del boxeo, pero que se convirtió en maestra a plazo fijo y enfrenta la injusticia que tiene que soportar para convertirse en una profesora a tiempo completo.  Basado en el webtoon original de Naver del mismo nombre.","{28,18,35}",2023-10-25,https://image.tmdb.org/t/p/w500/hdqbujWmlmsdVm62Ob8sGuC2kDk.jpg,FALSE,7.031,49,41.3545
1022789,Del revés 2 (Inside Out 2),"Riley entra en la adolescencia y el Cuartel General de su cabeza sufre una repentina reforma para hacerle hueco a algo totalmente inesperado propio de la pubertad: ¡nuevas emociones! Alegría, Tristeza, Ira, Miedo y Asco, con años de impecable gestión a sus espaldas (según ellos...) no saben muy bien qué sentir cuando aparece con enorme ímpetu Ansiedad. Y no viene sola: le acompañan envidia, vergüenza y aburrimiento.","{16,12,35,10751}",2024-06-11,https://image.tmdb.org/t/p/w500/lE3DCRI7bQgHSiIuEPcFiXpiuGV.jpg,FALSE,7.554,5925,45.1497
259872,Des jours plus belles que la nuit,"Wim y Floor, una joven pareja de la vida real, pasan una tarde en las habitaciones bañadas por el sol de una casa en ruinas en Bélgica. En un giro único, este documental erótico artístico se edita casi en tiempo real. En la lentitud, obtenemos la constitución, la dulzura y la sensualidad. Olvídate de la rápida edición de los dedos. Lento es donde está.",{10749},2009-10-10,https://image.tmdb.org/t/p/w500/uCkANtG6ezb7hjRKVudY3PUcbvn.jpg,FALSE,5.886,101,44.3796
1160956,Operación Panda: Misión Rescate,"Poco después de que la legendaria estrella del kung fu Jackie Chan sea invitada a adoptar a un querido panda del zoo llamado Hu Hu, un famoso sindicato del crimen internacional pone sus ojos en el famoso oso y ofrece una enorme recompensa por su captura. Ante esta repentina crisis, Jackie Chan recurre a la ayuda de su agente y del feroz cuidador de Hu Hu, y el trío se embarca en una aventura en la que intentarán ser más listos que los malos en todo momento.","{28,35}",2024-10-01,https://image.tmdb.org/t/p/w500/bnfnruEYFhANxt4O5WD8yxjaAPP.jpg,FALSE,6.894,207,43.4367
1156593,Culpa tuya,"El amor entre Noah y Nick parece inquebrantable, a pesar de las maniobras de sus padres por separarles. Pero el trabajo de él y la entrada de ella en la universidad, abre sus vidas a nuevas relaciones. La aparición de una exnovia que busca venganza y de la madre Nick con intenciones poco claras, removerán los cimientos no solo de su relación, sino de la propia familia Leister. Cuando tantas personas están dispuestas a destruir una relación, ¿puede realmente acabar bien?","{10749,18}",2024-12-26,https://image.tmdb.org/t/p/w500/1jvCVdlgInyItAUEvvvCakm1Yxz.jpg,FALSE,7.137,1279,42.4743
912649,Venom: El último baile,"Eddie y Venom están a la fuga. Perseguidos por sus sendos mundos y cada vez más cercados, el dúo se ve abocado a tomar una decisión devastadora que hará que caiga el telón sobre el último baile de Venom y Eddie.","{28,878,12}",2024-10-22,https://image.tmdb.org/t/p/w500/8F74DwgFxTIBNtbqSLjR7zWmnHh.jpg,FALSE,6.717,3505,44.9284
1562,28 semanas después,"Seis meses después de que la propagación del virus haya aniquilado las Islas Británicas, el ejército de los Estados Unidos declara que ha ganado la guerra contra la infección y que puede comenzar la reconstrucción del país. Con la primera ola de refugiados que vuelve al país, una familia consigue reencontrarse. Pero uno de los miembros guarda un terrible secreto sin ser consciente de ello. El virus aún no ha sido destruido y en esta ocasión, es más peligroso que nunca.","{27,53,878}",2007-04-26,https://image.tmdb.org/t/p/w500/8PJEQ63WebiLJ4vtuyXx68Jehmh.jpg,FALSE,6.622,4620,55.281
533535,Deadpool y Lobezno,"Un apático Wade Wilson se afana en la vida civil tras dejar atrás sus días como Deadpool, un mercenario moralmente flexible. Pero cuando su mundo natal se enfrenta a una amenaza existencial, Wade debe volver a vestirse a regañadientes con un Lobezno aún más reacio a ayudar.","{28,35,878}",2024-07-24,https://image.tmdb.org/t/p/w500/9TFSqghEHrlBMRR63yTx80Orxva.jpg,FALSE,7.593,7378,44.6445
56379,La caseta de la risa,"Domingo de verano en una pequeña casa de playa en la costa de Roma. Mucha gente e historias: un equipo de baloncesto femenino, dos soldados obsesionados con el deporte, dos hombres con sus novias y el cura con un gran secreto, una pareja de ancianos con su nieta embarazada y una pareja de novios que quieren tener sexo por primera vez.",{35},1977-10-27,https://image.tmdb.org/t/p/w500/fQ0zVLbVubPMJD2dVnuockknxZe.jpg,FALSE,6.474,65,38.3059
1297028,Rosario,,{27},2025-05-01,https://image.tmdb.org/t/p/w500/mYK7OYW4w2ZujE8B8GGnVYZWHYD.jpg,FALSE,5.628,43,38.8477
1092506,Indomables,"Muriel y su marido Lee, que están a punto de comenzar una vida nueva, se ven alterados por la llegada del hermano de Lee. Muriel se embarca en una vida secreta, apostando en carreras de caballos y descubre un amor que nunca creyó posible.","{18,10749}",2025-04-24,https://image.tmdb.org/t/p/w500/l36KTC7nvXeXI1YooMiIcsb1Ou3.jpg,FALSE,6.132,38,40.6273
1266860,Lo que quisimos ser,"Una historia de amor original: la de un hombre y una mujer que por años se encuentran todos los viernes en un mismo café para contarse y crear una historia entre ellos de lo que hubiesen deseado llegar a ser si la realidad no se hubiera entrometido con sus sueños. Dos, que, a través de sus encuentros, se enamoran profundamente, pero eligen proteger del mundo exterior la pactada relación hecha de a ratos de cada uno de sus viernes.","{18,35,10749}",2024-10-18,https://image.tmdb.org/t/p/w500/zSzA0H1Ya9edqXAsIMFJ7F1rwle.jpg,FALSE,8.333,3,37.8045
668489,Estragos,"Cuando un robo de drogas tiene consecuencias fatales, un policía lucha contra el submundo criminal de una ciudad corrupta para salvar al hijo de un político.","{28,80,53}",2025-04-25,https://image.tmdb.org/t/p/w500/tbsDLmo2Ej8YFM0HKcOGfNMTlyJ.jpg,FALSE,6.46,841,39.5173
1061474,Superman,"En un mundo que ha perdido la fe en la bondad, Superman lucha por reconciliar su herencia kryptoniana con los valores humanos que moldearon su carácter. Criado en la Tierra, representa la verdad, la justicia y el estilo americano, pero debe enfrentarse a un mundo cínico que cuestiona sus ideales. Entre el deber de proteger a la humanidad y la búsqueda de su identidad, Superman demuestra que la esperanza y la bondad nunca pasan de moda, incluso en los tiempos más oscuros, inspirando a otros a creer en un futuro mejor.","{28,12,878}",2025-07-09,https://image.tmdb.org/t/p/w500/waa6v1VKBbOGzWku7OpwmQw2uEf.jpg,FALSE,0.0,0,40.1156
1011985,Kung Fu Panda 4,"Po se prepara para ser el líder espiritual del Valle de la Paz, buscando un sucesor como Guerrero Dragón. Mientras entrena a un nuevo practicante de kung fu, enfrenta al villano llamado ""el Camaleón"", que evoca villanos del pasado, desafiando todo lo que Po y sus amigos han aprendido.","{16,10751,28,35,12,14}",2024-03-02,https://image.tmdb.org/t/p/w500/7JspmokDnpm8SEg28wtstfGps0K.jpg,FALSE,7.061,3111,37.2404
1001414,La calle del terror: La reina del baile,¿Quién será la reina del baile de 1988 del instituto Shadyside? La competencia de la discreta Lori es feroz incluso antes de que alguien empiece a matar a las candidatas.,"{27,9648}",2025-05-23,https://image.tmdb.org/t/p/w500/kYeTcmPmuMvBgmwOdOtR5fUwRuH.jpg,FALSE,5.374,325,39.6717
611251,女高生トリオ 性感試験,,"{10749,18}",1977-02-23,https://image.tmdb.org/t/p/w500/9GSLrU0aoR6Pi2FQ0ttXV2thSxJ.jpg,FALSE,0.0,0,45.8714
1426306,Titán: La tragedia de OceanGate,El submarino Titán de OceanGate implosionó en 2023 durante una inmersión a los restos del Titanic. Este documental narra cómo una visión ambiciosa acabó en tragedia.,"{99,18}",2025-06-06,https://image.tmdb.org/t/p/w500/9xTBAMbuADcxvwcAB4hiSDPVv9x.jpg,FALSE,7.137,73,37.2115
933260,La sustancia,"'Tú, pero mejor en todos los sentidos'. Esa es la promesa de la sustancia, un producto revolucionario basado en la división celular, que crea un alter ego más joven, más bello, más perfecto.","{18,27,878}",2024-09-07,https://image.tmdb.org/t/p/w500/w1PiIqM89r4AM7CiMEP4VLCEFUn.jpg,FALSE,7.145,4750,40.892
157336,Interstellar,Un grupo de exploradores hacen uso de un agujero de gusano recientemente descubierto para superar las limitaciones de los viajes espaciales tripulados y vencer las inmensas distancias que tiene un viaje interestelar.,"{12,18,878}",2014-11-05,https://image.tmdb.org/t/p/w500/cQuuBjG78j4b2r1dFpAjnjbUplv.jpg,FALSE,8.455,37301,44.4476
519182,Gru 4. Mi villano favorito,"Gru, Lucy y las niñas -Margo, Edith y Agnes- dan la bienvenida a un nuevo miembro en la familia: Gru Junior, que parece llegar con el propósito de ser un suplicio para su padre. Gru tendrá que enfrentarse en esta ocasión a su nueva némesis Maxime Le Mal y su sofisticada y malévola novia Valentina, lo que obligará a la familia a tener que darse a la fuga. Cuarta entrega de 'Gru, mi villano favorito'.","{10751,35,16,878}",2024-06-20,https://image.tmdb.org/t/p/w500/iE9Pi1hkiLUm88uF7o9L9Yzl4lW.jpg,FALSE,7.042,2812,40.0282
1098006,La fuente de la eterna juventud,"Un genio cazatesoros reúne a un equipo para una misión que cambiará vidas. Pero para esquivar y superar los obstáculos que se encontrará, necesitará a alguien más listo que él: su distanciada hermana.","{12,14,9648}",2025-05-19,https://image.tmdb.org/t/p/w500/9bhDUyOCrcwPLKbPyHM4uKOa65T.jpg,FALSE,6.402,498,37.7657
980477,Ne Zha 2,"Cuando los cuerpos de los dos amigos, Aobing y Nezha, están a punto de ser destruidos, aunque se les permite que sus almas sigan vivas. Su maestro, Taiyi Zhenren, restaura sus cuerpos con la ayuda de una flor de loto, y, tras ello, Nezha parte en busca de la lucha contra el Rey Dragón del Mar Oriental, Ao Guang.","{16,14,12}",2025-01-29,https://image.tmdb.org/t/p/w500/ujmb2pnm15gB3LUDXmROESsmNtn.jpg,FALSE,8.036,179,37.6656
1153714,Death of a Unicorn,,"{27,14,35}",2025-03-27,https://image.tmdb.org/t/p/w500/6ASvxoXlBjWAMDEXC1qw3qkBcbU.jpg,FALSE,6.419,298,36.6743
302946,El contable,"Christian Wolff es un contable y genio matemático, un hombre obsesivo con el orden y con mucha más afinidad con los números que con las personas, que lleva una doble vida como asesino despiadado.","{80,53,18}",2016-10-13,https://image.tmdb.org/t/p/w500/1Bd9ItSLT13u8Na0PApQAMcW1Jw.jpg,FALSE,7.123,6753,36.2449
1414272,Belyas,,{18},2025-02-07,https://image.tmdb.org/t/p/w500/5oJ6eMfI7B73cWh0VXaa5MzhfBW.jpg,FALSE,7.333,6,32.2775
1144430,La bala perdida 3,"Lino, que acaba de salir de la cárcel, solo tiene un objetivo: vengar a Charas. Acompañado de Julia, se lanza tras Areski, quien ha vuelto a Francia sin saber que el comandante Resz y su equipo también lo acechan. Lo que sigue es una persecución frenética, con alianzas que penden de un hilo y enfrentamientos sin tregua. En este nuevo capítulo, viejos enemigos deben unir fuerzas contra un adversario común para sobrevivir y descubrir la verdad.","{28,80,53,18}",2025-05-06,https://image.tmdb.org/t/p/w500/AoXAvZDxcym6oONBvJ82tFjEGdY.jpg,FALSE,6.588,182,32.9579
1195506,Novocaine,"Cuando la chica de sus sueños es secuestrada, Nate, un chico corriente, convierte su incapacidad para sentir dolor en una fuerza inesperada en su lucha por recuperarla.","{28,35,53}",2025-03-12,https://image.tmdb.org/t/p/w500/dmJ5U0TVU4IIXQd828z8DJFaV11.jpg,FALSE,6.914,892,38.4793
1359977,Expediente Bryson: Conjuring the Cult,"Después de descubrir a su hija empapada de sangre muerta en la bañera, David Bryson asiste a un grupo de autoayuda para ayudarlo a salvarlo de sus pesadillas fantasmales. Pero cuando un grupo de misteriosas mujeres de culto se ofrecen a ayudarlo a resucitar a su hija. Las decisiones de David no solo decidirán su destino... sino el destino del alma de su hija muerta.","{27,18}",2024-10-01,https://image.tmdb.org/t/p/w500/z4O2wCMm534pnoxXziQu95wMuX9.jpg,FALSE,5.719,32,34.6663
823219,"Flow, un mundo que salvar","En un mundo al borde del colapso, un gato solitario pierde su hogar por una inundación y encuentra refugio en un barco con otras especies. Juntos, deberán superar diferencias y desafíos mientras navegan por un misterioso paisaje sumergido.","{16,14,12}",2024-08-29,https://image.tmdb.org/t/p/w500/337MqZW7xii2evUDVeaWXAtopff.jpg,FALSE,8.2,2052,35.7788
1252309,Pídeme lo que quieras,"Judith Flores es una chica normal. Tiene un trabajo que le apasiona, muy buenos amigos y un padre encantador. Pero su vida cambia radicalmente cuando conoce a Eric Zimmerman, dueño de la empresa donde ella trabaja. Su relación con Eric está a punto de dinamitar su vida por completo.","{10749,18}",2024-11-29,https://image.tmdb.org/t/p/w500/5rtaLwyKAjbceww4J1ro8aA8BNB.jpg,FALSE,6.241,216,34.1889
9532,Destino final,"Al subir a un avión con destino a Paris, junto con sus compañeros de clase, Alex tiene una premonición, por lo que desembarca justo antes de despegar junto a seis de sus amigos y una profesora. Poco después el aparato explota en el aire. El grupo de supervivientes se verá perseguido por la dama de la guadaña, la propia muerte, que no se dará por vencida. Acosado por el FBI que considera a Alex responsable del accidente y perseguido por sus propios miedos, el joven deberá descubrir que las coincidencias y los accidentes no son algo casual.",{27},2000-03-17,https://image.tmdb.org/t/p/w500/6F3MEcGHeMAMxledi7vQfqkZRkc.jpg,FALSE,6.6,6108,34.999
1266675,Una ballena,"Ingrid, una sicaria con una habilidad especial para infiltrarse y desaparecer sin dejar rastro que proviene de otro mundo, recibe el encargo de Melville para eliminar a un poderoso hombre de negocios que ha llegado a la ciudad y quiere hacerse con el control del puerto.",{9648},2025-03-28,https://image.tmdb.org/t/p/w500/qwf9zfHVdpDRHqerMwZ2NtXItDY.jpg,FALSE,5.5,8,32.3442
710258,Rust,"Harland Rust tiene la mala reputación de fuera de la ley despiadado, con precio por su cabeza. Cuando se entera de que su nieto de trece años ha sido condenado a la horca por un supuesto asesinato, decide viajar a Kansas. Después de un violento enfrentamiento, Rust consigue sacarlo de la prisión y huir hacia la frontera. Rust y su nieto tendrán que unir sus fuerzas para escapar del legendario mariscal Wood Helm y de un infame cazarrecompensas.",{37},2025-05-01,https://image.tmdb.org/t/p/w500/tbJ3RkA2s6X5qrBzrYHYTxvDBui.jpg,FALSE,6.333,60,31.2126
671,Harry Potter y la piedra filosofal,"Harry Potter es un huérfano que vive con sus desagradables tíos, los Dursley, y su repelente primo Dudley. Se acerca su undécimo cumpleaños y tiene pocas esperanzas de recibir algún regalo, ya que nunca nadie se acuerda de él. Sin embargo, pocos días antes de su cumpleaños, una serie de misteriosas cartas dirigidas a él y escritas con una estridente tinta verde rompen la monotonía de su vida: Harry es un mago y sus padres también lo eran.","{12,14}",2001-11-16,https://image.tmdb.org/t/p/w500/3MKK7vAJLtSkBTABMTjxf6TOCo3.jpg,FALSE,7.901,28288,34.4991
1238307,مسامير جونيور,,"{16,35,12,28}",2025-06-11,https://image.tmdb.org/t/p/w500/4GGUlUtGA2rk3TvSulfVCpW9OzS.jpg,FALSE,6.833,6,31.3662
462183,Salvaje Despertar,"‘Salvaje despertar’ es una cinta que reflexiona sobre el despertar sexual de dos hermanos, Emma y Toni. El problema surge cuando los protagonistas se enamoran del mismo chico. En la cinta se tratan las principales razones de la homofobia, entre las que se encuentran los miedos, las inseguridades y, en algunos casos, una homosexualidad reprimida.","{18,10749,53}",2016-10-23,https://image.tmdb.org/t/p/w500/qWkWESVyw1nsX89AXshyRa31Bk6.jpg,FALSE,5.278,18,31.3749
1084199,La acompañante,La muerte de un multimillonario desencadena una serie de acontecimientos para Iris y sus amigos durante un viaje de fin de semana a su finca junto al lago.,"{27,878,53}",2025-01-22,https://image.tmdb.org/t/p/w500/dZR98C2Tzefugivw21yEfYvp1G9.jpg,FALSE,7.1,1391,34.7221
1377424,വിക്ടോറിയ,,{18},2024-12-14,https://image.tmdb.org/t/p/w500/hw09PdM2o7pF1zxn1pM8NTMPzno.jpg,FALSE,5.0,1,32.9694
1126166,Amenaza en el aire,"En este claustrofóbico thriller, un piloto (Mark Wahlberg) transporta en su avioneta a una agente del servicio de MARSHALS de Estados Unidos (Michelle Dockery) que custodia a un testigo (Topher Grace) que va a testificar en un juicio contra la mafia. A medida que atraviesan las montañas de Alaska, las tensiones se disparan, ya que no todo el mundo a bordo es quien parece ser. Y a 3.000 metros de altura no hay escapatoria posible.","{28,53}",2025-01-22,https://image.tmdb.org/t/p/w500/8T6nkYb4W8BIeafmFffyfsRciTL.jpg,FALSE,6.093,797,33.2271
1471014,Van Gogh by Vincent,,{99},2025-03-26,https://image.tmdb.org/t/p/w500/z73X4WKZghBh5fri31o8P6vBEB2.jpg,FALSE,5.941,17,34.7379
829557,365 días: Aquel día,"Laura y Massimo vuelven más fuertes que nunca, pero las ataduras familiares de Massimo y un misterioso hombre que quiere conquistar a Laura complican su relación.","{10749,18}",2022-04-26,https://image.tmdb.org/t/p/w500/k3J2GdYxhR6U2RfsHZOsmHVKW7m.jpg,FALSE,5.903,1729,32.793
1294203,Culpa mía: Londres,"Noah, de 18 años, se traslada de Estados Unidos a Londres con su madre, que se ha enamorado recientemente de William, un adinerado hombre de negocios británico. Noah conoce al hijo de William, el malote Nick. Pese a los esfuerzos de ambos por evitarlo, se sienten atraídos. Mientras Noah pasa el verano adaptándose a su nueva vida, su doloroso pasado la irá atrapando a la vez que se va enamorando.","{10749,18}",2025-02-12,https://image.tmdb.org/t/p/w500/q0HxfkF9eoa6wSVnzwMhuDSK7ba.jpg,FALSE,7.434,407,32.4235
1193647,Mensaje en una botella,"Una sommelier descubre un método para enviarse mensajes al pasado y lo usa para corregir una mala decisión. Sin embargo, su presente cambia de forma inesperada, llevándola a una realidad aún peor. Al intentar enmendar el error, las consecuencias se vuelven catastróficas. Desesperada, recurre una y otra vez al mecanismo, atrapándose en un ciclo donde cada intento por arreglar su vida y la de quienes la rodean la aleja más de la realidad que anhela.","{35,14,18,10749}",2025-05-01,https://image.tmdb.org/t/p/w500/sj5JljXWvxnxVrIW9oj6U43FgRm.jpg,FALSE,8.0,4,29.7654
597,Titanic,"Durante las labores de recuperación de los restos del famoso Titanic, una anciana norteamericana se pone en contacto con la expedición para acudir a una plataforma flotante instalada en el Mar del Norte y asistir 'in situ' a la recuperación de sus recuerdos. A través de su memoria reviviremos los acontecimientos que marcaron el siniestro más famoso del siglo XX: el hundimiento del trasatlántico más lujoso del mundo, la máquina más sofisticada de su tiempo, considerada «insumergible», que sucumbió a las heladas aguas del Atlántico en abril de 1912, llevándose consigo la vida de mil quinientas personas, más de la mitad del pasaje. En los recueros de la anciana hay cabida para algo más que la tragedia, la historia de amor que vivió con un joven pasajero de tercera clase, un pintor aficionado que había ganado su pasaje en una partida las cartas en una taberna de Southampton.","{18,10749}",1997-11-18,https://image.tmdb.org/t/p/w500/VMOt5scbGmBKDvkfHjZN6Ki54i.jpg,FALSE,7.906,26070,33.1777
811941,Devara: Parte 1,"Un intrépido hombre llamado Devara se aventura en el traicionero mundo del mar para proteger la vida de su pueblo. Ignorante de la conspiración de su hermano Bhaira, acaba transmitiendo su legado a su apacible hijo Varada.","{28,18}",2024-09-26,https://image.tmdb.org/t/p/w500/lQfuaXjANoTsdx5iS0gCXlK9D2L.jpg,FALSE,6.9,195,31.5548
299536,Vengadores: Infinity War,"El todopoderoso Thanos ha despertado con la promesa de arrasar con todo a su paso, portando el Guantelete del Infinito, que le confiere un poder incalculable. Los únicos capaces de pararle los pies son los Vengadores y el resto de superhéroes de la galaxia, que deberán estar dispuestos a sacrificarlo todo por un bien mayor. Capitán América e Ironman deberán limar sus diferencias, Black Panther apoyará con sus tropas desde Wakanda, Thor y los Guardianes de la Galaxia e incluso Spider-Man se unirán antes de que los planes de devastación y ruina pongan fin al universo. ¿Serán capaces de frenar el avance del titán del caos?","{12,28,878}",2018-04-25,https://image.tmdb.org/t/p/w500/ksBQ4oHQDdJwND8H90ay8CbMihU.jpg,FALSE,8.237,30632,33.8999
1092073,The Haunting at Saint Joseph's,,"{27,53}",2023-02-26,https://image.tmdb.org/t/p/w500/ck9tMVSvGmkPuQvOezhfpYJMgs8.jpg,FALSE,4.5,12,31.6173
539972,Kraven the Hunter,"Kraven, un hombre cuya compleja relación con su despiadado padre, Nikolai Kravinoff, le hace emprender un camino de venganza con brutales consecuencias, motivándole a convertirse no sólo en el mejor cazador del mundo, sino también en uno de los más temidos.","{28,12,53}",2024-12-11,https://image.tmdb.org/t/p/w500/gabWTSVhzltlKkmcqPoJmjKJxyb.jpg,FALSE,6.556,1770,31.6108
238,El padrino,"Don Vito Corleone, conocido dentro de los círculos del hampa como 'El Padrino', es el patriarca de una de las cinco familias que ejercen el mando de la Cosa Nostra en Nueva York en los años cuarenta. Don Corleone tiene cuatro hijos: una chica, Connie, y tres varones; Sonny, Michael y Fredo. Cuando el Padrino reclina intervenir en el negocio de estupefacientes, empieza una cruenta lucha de violentos episodios entre las distintas familias del crimen organizado.","{18,80}",1972-03-14,https://image.tmdb.org/t/p/w500/5HlLUsmsv60cZVTzVns9ICZD6zU.jpg,FALSE,8.7,21547,32.4139
676685,Misión Panda en África,"Ping, un joven panda lleno de curiosidad y valentía, emprende un increíble viaje cuando su mejor amigo, el dragón Jielong, es secuestrado y llevado a África. En su travesía, Ping cruza océanos peligrosos y llega a un continente lleno de maravillas y desafíos. Allí descubre un mundo completamente desconocido, donde deberá enfrentarse a hipopótamos aterradores, hienas sospechosas y gorilas sabios mientras intenta rescatar a Jielong y frustrar los planes de un león malvado, decidido a tomar el control de la selva.","{16,12,35,10751}",2024-03-15,https://image.tmdb.org/t/p/w500/as0XCcMj7ECygru2xS88PWc6C6W.jpg,FALSE,6.9,54,30.3148
558449,Gladiator II,"Dieciséis años después de la muerte de Marco Aurelio, Roma está gobernada por los despiadados emperadores gemelos Geta y Caracalla. El nieto de Aurelio, Lucio Vero, vive bajo el seudónimo de Hanno con su esposa Arishat en el reino norteafricano de Numidia. El ejército romano dirigido por el general Acacio invade y conquista el reino, esclavizando a Lucio junto con otros supervivientes. Los esclavos son llevados a Ostia, donde Lucio es comprado por el maestro de cuadra Macrinus, que le promete la oportunidad de vengarse matando a Acacio si gana suficientes combates para llegar al Coliseo.","{28,12,18}",2024-11-13,https://image.tmdb.org/t/p/w500/fbcs5AxrdXwyj1b8bGGMgC9kXrM.jpg,FALSE,6.706,3537,33.1116
24428,Los Vengadores,"Cuando un enemigo inesperado surge como una gran amenaza para la seguridad mundial, Nick Fury, director de la Agencia SHIELD, decide reclutar a un equipo para salvar al mundo de un desastre casi seguro.","{878,28,12}",2012-04-25,https://image.tmdb.org/t/p/w500/ugX4WZJO3jEvTOerctAWJLinujo.jpg,FALSE,7.763,32084,32.0941
575264,Misión: Imposible - Sentencia mortal parte uno,Ethan Hunt y la IMF emprenden la misión más peligrosa a la que nunca se han enfrentado: rastrear una nueva y aterradora arma que amenaza a toda la humanidad antes de que caiga en las manos de un enemigo todopoderoso y misterioso.,"{28,12,53}",2023-07-08,https://image.tmdb.org/t/p/w500/83sGKvCv2T2CulYbd40Aeduc7n2.jpg,FALSE,7.53,4393,33.2513
278,Cadena perpetua,"Acusado del asesinato de su mujer, Andrew Dufresne, tras ser condenado a cadena perpetua, es enviado a la prisión de Shawshank. Con el paso de los años conseguirá ganarse la confianza del director del centro y el respeto de sus compañeros presidiarios, especialmente de Red, el jefe de la mafia de los sobornos.","{18,80}",1994-09-23,https://image.tmdb.org/t/p/w500/uRRTV7p6l2ivtODWJVVAMRrwTn2.jpg,FALSE,8.7,28453,31.6394
603692,John Wick 4,"John Wick descubre un camino para derrotar a la Alta Mesa. Pero para poder ganar su libertad, Wick deberá enfrentarse a un nuevo rival con poderosas alianzas en todo el mundo, capaz de convertir a viejos amigos en enemigos.","{28,53,80}",2023-03-22,https://image.tmdb.org/t/p/w500/mj2Z9HnRSIEk3n7yVPoOY4Uzzfh.jpg,FALSE,7.723,7152,30.0353
1043758,Problemas de familia,"Dos primos que no se conocen se encuentran por fin, uno en la bulliciosa Nueva York y el otro en un rincón perdido de Irlanda, decididos a enterrar una vieja riña familiar. Pero lo que parecía una reconciliación se convierte en un cómico desastre cuando el pasado y las diferencias culturales chocan de frente.",{35},2024-10-04,https://image.tmdb.org/t/p/w500/4j96ONhh45NV4V4r0GveXjdAIjJ.jpg,FALSE,5.864,11,31.9908
1442532,Malagkit,,{10749},2025-03-11,https://image.tmdb.org/t/p/w500/cEJe5DfzXb0hqOsMzJxHzRjYLWq.jpg,FALSE,7.6,5,26.2608
27205,Origen,"Dom Cobb es un ladrón hábil, el mejor de todos, especializado en el peligroso arte de extracción: el robo de secretos valiosos desde las profundidades del subconsciente durante el estado de sueño cuando la mente está más vulnerable. Esta habilidad excepcional de Cobb le ha hecho un jugador codiciado en el traicionero nuevo mundo de espionaje corporativo, pero al mismo tiempo, le ha convertido en un fugitivo internacional y ha tenido que sacrificar todo que le importaba. Ahora a Cobb se le ofrece una oportunidad para redimirse. Con un último trabajo podría recuperar su vida anterior, pero solamente si logra lo imposible.","{28,878,12}",2010-07-15,https://image.tmdb.org/t/p/w500/tXQvtRWfkUUnWJAn2tN3jERIUG.jpg,FALSE,8.369,37567,29.2501
1442532,Malagkit,,{10749},2025-03-11,https://image.tmdb.org/t/p/w500/cEJe5DfzXb0hqOsMzJxHzRjYLWq.jpg,FALSE,7.6,5,26.2608
945961,Alien: Romulus,"Mientras rebuscan en las profundidades de una estación espacial abandonada, un grupo de jóvenes colonizadores del espacio se encuentra cara a cara con la forma de vida más aterradora del universo. Nueva película de la saga Alien.","{27,878}",2024-08-13,https://image.tmdb.org/t/p/w500/8PYqGSd8MOm5ce8io4qNSAiSExW.jpg,FALSE,7.197,3736,29.0632
27205,Origen,"Dom Cobb es un ladrón hábil, el mejor de todos, especializado en el peligroso arte de extracción: el robo de secretos valiosos desde las profundidades del subconsciente durante el estado de sueño cuando la mente está más vulnerable. Esta habilidad excepcional de Cobb le ha hecho un jugador codiciado en el traicionero nuevo mundo de espionaje corporativo, pero al mismo tiempo, le ha convertido en un fugitivo internacional y ha tenido que sacrificar todo que le importaba. Ahora a Cobb se le ofrece una oportunidad para redimirse. Con un último trabajo podría recuperar su vida anterior, pero solamente si logra lo imposible.","{28,878,12}",2010-07-15,https://image.tmdb.org/t/p/w500/tXQvtRWfkUUnWJAn2tN3jERIUG.jpg,FALSE,8.369,37567,29.2501
872585,Oppenheimer,Película sobre el físico J. Robert Oppenheimer y su papel como desarrollador de la bomba atómica. Basada en el libro 'American Prometheus: The Triumph and Tragedy of J. Robert Oppenheimer' de Kai Bird y Martin J. Sherwin.,"{18,36}",2023-07-19,https://image.tmdb.org/t/p/w500/5t05uhX5ULn8Um2f1ZuznVvIffU.jpg,FALSE,8.1,10341,28.4046
1433735,Loco Por Ella,"Álvaro, un joven optimista se enamora de Carla, una chica que está en una clínica psiquiátrica. Al tratar de ayudarla, aprende que las enfermedades mentales requieren algo más que una actitud positiva para superarlas.",{35},2025-04-17,https://image.tmdb.org/t/p/w500/6PbSSN2BT22ZMsMaD7m8cGaqk3L.jpg,FALSE,7.813,16,28.3036
1064213,Anora,"Anora, una joven prostituta de Brooklyn, tiene la oportunidad de vivir una historia de Cenicienta cuando conoce e impulsivamente se casa con el hijo de un oligarca. Cuando la noticia llega a Rusia, su cuento de hadas se ve amenazado, ya que los padres parten hacia Nueva York para intentar conseguir la anulación del matrimonio.","{18,35,10749}",2024-10-14,https://image.tmdb.org/t/p/w500/tZCrWnyN4zEtJiFem5TFoYT8nxI.jpg,FALSE,7.1,2293,28.0248
55779,Destino final 5,"Sam Lawton tiene una premonición sobre la destrucción de un puente colgante que causaría su muerte y la de otras personas. La visión se hace realidad, pero Sam se las arregla para salvarse a sí mismo y a algunos otros de la catastrófica tragedia. Sin embargo, Sam y su novia Molly descubren que no están realmente a salvo: la muerte los persigue a ellos y a los que sobrevivieron al horrible accidente... Quinta entrega de la popular serie de terror ""Destino final"".","{27,9648}",2011-08-12,https://image.tmdb.org/t/p/w500/T0IGau7Alj52OLrrthzftkLMIA.jpg,FALSE,6.145,3729,28.4536
693134,Dune: Parte dos,"Sigue el viaje mítico de Paul Atreides mientras se une a Chani y los Fremen en una guerra de venganza contra los conspiradores que destruyeron a su familia. Al enfrentarse a una elección entre el amor de su vida y el destino del universo conocido, Paul se esfuerza por evitar un futuro terrible que solo él puede prever.","{878,12}",2024-02-27,https://image.tmdb.org/t/p/w500/xCHmhHeO7aOCMlzcNukGH6Q7EiD.jpg,FALSE,8.145,6752,31.6353
638507,Cómo entrenar a tu dragón: Vuelta a casa,"Han pasado diez años desde que los dragones se mudaron al Mundo Oculto, y aunque Toothless ya no vive en New Berk, Hiccup continúa las tradiciones navideñas que una vez compartió con su mejor amigo. Pero los vikingos de New Berk comenzaban a olvidarse de su amistad con los dragones. Hiccup, Astrid y Gobber saben exactamente qué hacer para mantener a los dragones en los corazones de los aldeanos. Y al otro lado del mar, los dragones tienen un plan propio ...","{16,14,12,28,10751}",2019-12-03,https://image.tmdb.org/t/p/w500/n12wESAYZNqa88h4EzdD25bJRYR.jpg,FALSE,8.028,1026,28.3445
1356236,Saint Catherine,Una niña huérfana es rescatada de un ritual satánico y llevada al Instituto Saint Catherine para jóvenes sin hogar. Allí aprenderá nuevas habilidades mientras se enfrenta a los demonios que la acechan.,{27},2024-09-24,https://image.tmdb.org/t/p/w500/hBJdzKPeDaC96AzlrtMWBomYSZV.jpg,FALSE,6.8,54,28.2959
411,"Las crónicas de Narnia: El león, la bruja y el armario","La historia narra las aventuras de cuatro hermanos: Lucy, Edmund, Susan y Peter, que durante la Segunda Guerra Mundial descubren el mundo de Narnia, al que acceden a través de un armario mágico mientras juegan al escondite en la casa de campo de un viejo profesor. En Narnia descubrirán un mundo increíble habitado por animales que hablan, duendes, faunos, centauros y gigantes al que la Bruja Blanca- Jadis- ha condenado al invierno eterno. Con la ayuda del león Aslan, el noble soberano, los niños lucharán para vencer el poder que la Bruja Blanca ejerce sobre Narnia en una espectacular batalla y conseguir así liberarle de la maldición del frío.","{12,10751,14}",2005-12-07,https://image.tmdb.org/t/p/w500/2Lv2wKf2YocOcRfzmvQYOUGRhFg.jpg,FALSE,7.131,10948,28.2483
155,El caballero oscuro,"Batman/Bruce Wayne regresa para continuar su guerra contra el crimen. Con la ayuda del teniente Jim Gordon y del Fiscal del Distrito Harvey Dent, Batman se propone destruir el crimen organizado en la ciudad de Gotham. El triunvirato demuestra su eficacia, pero, de repente, aparece Joker, un nuevo criminal que desencadena el caos y tiene aterrados a los ciudadanos.","{18,28,80,53}",2008-07-16,https://image.tmdb.org/t/p/w500/8QDQExnfNFOtabLDKqfDQuHDsIg.jpg,FALSE,8.52,33968,28.1811
20760,Lilo & Stitch 2: El efecto del defecto,"Un adorable alienígena se adapta a la vida en Hawái, y todo va como la seda hasta que se le ""cruzan los cables"" y todo se vuelve un caos. Ahora todos tienen que ayudar para salvar a su divertido amigo.","{16,10751,35,878}",2005-08-22,https://image.tmdb.org/t/p/w500/l71VXcph19ZwJr2ZtEFuZA6ZzK5.jpg,FALSE,6.678,1522,27.6932
9286,Destino final 3,"Una estudiante del instituto tiene una premonición sobre una tragedia en un parque de atracciones local, por lo que decide no montarse en una montaña rusa que presiente va a descarrilar...","{27,9648}",2006-02-09,https://image.tmdb.org/t/p/w500/3PEVkIBOii1fxQxaQ0iKODGnBUp.jpg,FALSE,6.1,4167,27.5652
14836,Los mundos de Coraline,"Película de animación en la que se nos cuenta la historia de Coraline, una jovencita que descubre en su nueva casa una puerta secreta y decide abrirla. Al hacerlo, descubre una segunda versión de su vida, una vida paralela a la que ella tiene. A primera vista, la realidad paralela es curiosamente parecida a su vida de verdad, aunque mucho mejor. Pero cuando su increíble y maravillosa aventura empieza a tomar un cariz peligroso, su otra madre intenta mantenerla a su lado para siempre. Coraline deberá recurrir a su determinación y coraje, a la ayuda de los vecinos y a un gato negro con el don del habla para salvar a sus auténticos padres, a unos niños fantasmas y regresar a casa.","{16,10751,14}",2009-02-05,https://image.tmdb.org/t/p/w500/xz1HjxeqpIACyPtJMqv33Z2RjRP.jpg,FALSE,7.893,8410,27.5645
696506,Mickey 17,"Mickey 17, un miembro de la tripulación 'expendable' (prescindible) enviado a un planeta helado para colonizarlo, se niega a dejar que su clon de reemplazo, Mickey 18, tome su lugar... Adaptación del libro original de Edward Ashton.","{878,35,12}",2025-02-28,https://image.tmdb.org/t/p/w500/3ZMGC839jsKNAweGeQDBZDmu6ka.jpg,FALSE,6.9,2234,26.9891
569094,Spider-Man: Cruzando el Multiverso,"Tras reencontrarse con Gwen Stacy, el amigable vecindario de Spider-Man de Brooklyn al completo es catapultado a través del Multiverso, donde se encuentra con un equipo de Spidermans encargados de proteger su propia existencia. Pero cuando los héroes se enfrentan sobre cómo manejar una nueva amenaza, Miles se encuentra enfrentado a las otras Arañas y debe redefinir lo que significa ser un héroe para poder salvar a la gente que más quiere.","{16,28,12,878}",2023-05-31,https://image.tmdb.org/t/p/w500/37WcNMgNOMxdhT87MFl7tq7FM1.jpg,FALSE,8.346,7641,26.5544
634649,Spider-Man: No Way Home,"Peter Parker es desenmascarado y por tanto no es capaz de separar su vida normal de los enormes riesgos que conlleva ser un súper héroe. Cuando pide ayuda a Doctor Strange, los riesgos pasan a ser aún más peligrosos, obligándole a descubrir lo que realmente significa ser Spider-Man.","{28,12,878}",2021-12-15,https://image.tmdb.org/t/p/w500/miZFgV81xG324rpUknQX8dtXuBl.jpg,FALSE,7.944,20831,26.5022
361743,Top Gun: Maverick,"Después de más de 30 años de servicio como uno de los mejores aviadores de la Armada, Pete ""Maverick"" Mitchell se encuentra dónde siempre quiso estar, empujando los límites como un valiente piloto de prueba y esquivando el alcance en su rango, que no le dejaría volar emplazándolo en tierra. Cuando se encuentra entrenando a un destacamento de graduados de Top Gun para una misión especializada, Maverick se encuentra allí con el teniente Bradley Bradshaw, el hijo de su difunto amigo ""Goose"".","{28,18}",2022-05-21,https://image.tmdb.org/t/p/w500/AlWpEpQq0RgZIXVHAHZtFhEvRgd.jpg,FALSE,8.175,9927,29.341
30484,La reina guerrera,"Berenice (Sybil Danníng), la esposa del emperador romano, descubre la promiscua realidad de las calles de Pompeya. Indignada, Berenice decide, a riesgo de su propia vida, luchar para acabar con tan injusta situación, que incluye la humillación a la que condenan los hombres a las mujeres, vendiéndolas en cada esquina, rebajándolas a lo más indigno. Una pelea para la que se armará con sus poderes y que iniciará con la liberación de una joven que descubre cautiva.","{28,36,12}",1987-01-26,https://image.tmdb.org/t/p/w500/P0j17mJRpSIZOglbtPkakHSD1S.jpg,FALSE,3.6,31,26.2882
578,Tiburón,"En la costa de un pequeño pueblo del Este de Estados Unidos, un enorme tiburón ataca a varias personas. Temiendo las fatales consecuencias que esto puede provocar en el negocio turístico, el alcalde se niega a cerrar las playas y a difundir la noticia. Pero un nuevo ataque del tiburón, en la propia playa, termina con la vida de otro bañista. El terror se ha hecho público, así que un veterano cazador de tiburones, un científico y el jefe de la policía local se unen para dar caza al temible escualo...","{27,53,12}",1975-06-20,https://image.tmdb.org/t/p/w500/85MbaRlyfZfZGVHoFy2Am53oVYt.jpg,FALSE,7.7,10790,26.0438
411,"Las crónicas de Narnia: El león, la bruja y el armario","La historia narra las aventuras de cuatro hermanos: Lucy, Edmund, Susan y Peter, que durante la Segunda Guerra Mundial descubren el mundo de Narnia, al que acceden a través de un armario mágico mientras juegan al escondite en la casa de campo de un viejo profesor. En Narnia descubrirán un mundo increíble habitado por animales que hablan, duendes, faunos, centauros y gigantes al que la Bruja Blanca- Jadis- ha condenado al invierno eterno. Con la ayuda del león Aslan, el noble soberano, los niños lucharán para vencer el poder que la Bruja Blanca ejerce sobre Narnia en una espectacular batalla y conseguir así liberarle de la maldición del frío.","{12,10751,14}",2005-12-07,https://image.tmdb.org/t/p/w500/2Lv2wKf2YocOcRfzmvQYOUGRhFg.jpg,FALSE,7.131,10948,28.2483
1045938,G20,"Cuando la cumbre del G20 sufre un ataque, la presidenta de EE. UU. Danielle Sutton se convierte en el objetivo número uno. Tras evitar ser capturada por los atacantes, debe derrotar al enemigo para proteger a su familia, defender a su país y poner a salvo a los líderes del mundo en esta trepidante película cargada de acción.","{28,9648,18}",2025-04-10,https://image.tmdb.org/t/p/w500/xihssRPgRDZ7xwIjx3xuPTnqPfU.jpg,FALSE,6.561,529,25.8278
1448938,Abduct,,{27},2025-04-02,https://image.tmdb.org/t/p/w500/ls2JG1vDzmeHmiDHUt1eKwRVKTL.jpg,FALSE,4.792,12,24.2339
672,Harry Potter y la cámara secreta,"Harry regresa a su segundo año a Hogwarts, pero descubre que cosas malas ocurren debido a que un sitio llamado la Cámara de los Secretos ha sido abierto por el heredero de Slytherin y hará que los hijos de muggles, los impuros, aparezcan petrificados misteriosamente por un animal monstruoso.","{12,14}",2002-11-13,https://image.tmdb.org/t/p/w500/3nvGqfZE3yrsqehpF107byUdUSq.jpg,FALSE,7.708,22589,25.8518
1097549,Babygirl,"Una alta ejecutiva pone en peligro su carrera y su familia cuando inicia un tórrido romance con su becario, mucho más joven que ella.",{18},2024-12-25,https://image.tmdb.org/t/p/w500/fCCZlnzf6yEGGO9UEdVADRVvfhM.jpg,FALSE,5.772,780,25.4462
402431,Wicked,"Ambientada en la Tierra de Oz, mucho antes de la llegada de Dorothy Gale desde Kansas. Elphaba es una joven incomprendida por su inusual color verde que aún no ha descubierto su verdadero poder. Glinda es una popular joven marcada por sus privilegios y su ambición que aún no ha descubierto su verdadera pasión. Las dos se conocen como estudiantes de la Universidad Shiz, en la fantástica Tierra de Oz, y forjan una insólita pero profunda amistad. La trama abarca los acontecimientos del primer acto del musical de Broadway.","{18,10749,14}",2024-11-20,https://image.tmdb.org/t/p/w500/hDQXqvmmikekQ15uxhisBDwEA63.jpg,FALSE,6.942,2191,26.9826
216015,Cincuenta sombras de Grey,"Cuando la estudiante de Literatura Anastasia Steele recibe el encargo de entrevistar al exitoso y joven empresario Christian Grey, queda impresionada al encontrarse ante un hombre atractivo, seductor y también muy intimidante. La inexperta e inocente Ana intenta olvidarle, pero pronto comprende cuánto le desea. Cuando la pareja por fin inicia una apasionada relación, Ana se sorprende por las peculiares prácticas eróticas de Grey, al tiempo que descubre los límites de sus propios y más oscuros deseos.","{18,10749,53}",2015-02-11,https://image.tmdb.org/t/p/w500/mNZcZOIlTwDKd30xLnRR4p0ZELg.jpg,FALSE,5.885,12011,28.3726
1186940,¡Viva la vida!,"Un collar del pasado lleva a Jéssica a recorrer Israel en un viaje decisivo marcado por giros familiares, amor inesperado y la búsqueda del sentido de la vida.","{35,18,10749}",2025-01-30,https://image.tmdb.org/t/p/w500/kaHiddZ1XTK7YuSu8Aq8dCtmlKu.jpg,FALSE,6.038,13,21.819
385687,Fast & Furious X,"Durante numerosas misiones más que imposibles, Dom Toretto y su familia han sido capaces de ser más listos, de tener más valor y de ir más rápido que cualquier enemigo que se cruzara con ellos. Pero ahora tendrán que enfrentarse al oponente más letal que jamás hayan conocido: Un terrible peligro que resurge del pasado, que se mueve por una sangrienta sed de venganza y que está dispuesto a destrozar a la familia y destruir para siempre todo lo que a Dom le importa.","{28,80,53,12,9648}",2023-05-17,https://image.tmdb.org/t/p/w500/3P9QvWVN02Etn4kYGC702WVoXEb.jpg,FALSE,7.038,5924,27.8429
9358,Destino final 2,"Kimberly Corman se va de vacaciones con sus amigos Dano , Shaina  y Frankie hacia Daytona Beach. De repente, un camión cargado de troncos pierde el control al reventarse la cadena que los sostiene, cayendo y rodando por la autopista donde se origina un trágico accidente, matando a todos los que se encuentran a su paso. Pero esto solo fue una premonición de Kimberly, que al volver a la realidad se asusta y detiene la camioneta en plena desviación de la autopista, de modo que ocasiona que los autos que van detrás se detengan haciendo un gran atasco. Un policía , se acerca a ver que ocurre, y Kim le cuenta lo que ha visto. El policía no le cree y trata de tranquilizarla haciéndole entender que es solo su imaginación, y le ruega que retire el auto del camino, pero Kim se niega, cuando de repente, el camión de troncos cruza ante sus ojos y se cumple la catástrofe, tal y como ella lo había contado.","{27,9648}",2003-01-31,https://image.tmdb.org/t/p/w500/6m4TTnatasZcMi6qE4Hbe9LdJgz.jpg,FALSE,6.287,4404,25.1266
1244944,La mujer de las sombras,"Una mujer misteriosa que aparece repetidamente en el patio delantero de una familia, a menudo entregando advertencias escalofriantes o mensajes inquietantes, dejando a los residentes cuestionando su identidad, sus motivos y el peligro potencial que podría representar.","{27,9648}",2025-03-27,https://image.tmdb.org/t/p/w500/3hcfxkII892XuzoSW0JvdE68JAq.jpg,FALSE,6.146,206,24.8698
927342,Amaran,"La heroica historia del Major Mukund Varadarajan, un oficial del ejército indio que demostró una valentía extraordinaria durante una misión antiterrorista en el distrito de Shopian, en Cachemira.  La película captura su coraje al proteger a su nación y la devoción de su esposa Indhu Rebecaa Varghese.","{28,18,12,10752}",2024-10-31,https://image.tmdb.org/t/p/w500/jVP3rAtgBMFH6RrSa6r4aP4wv1T.jpg,FALSE,7.4,232,23.6545
198663,El corredor del laberinto,"Thomas abre los ojos y se da cuenta que está en un ascensor. Lo extraño es que no recuerda nada, ni dónde está, ni quién es. Lo único que aún permanece intacto en su memoria es su nombre, y ya es mucho. Antes de que le dé tiempo a cuestionarse algo sobre sí mismo las puertas se abrirán y aparecerá ante él un extraño mundo. Todo lo que ve son chicos de su edad que tienen su mismo estado de amnesia. Una aventura fantástica que pronto destapará la dura realidad bajo ese velo de incertidumbre: todos ellos están atrapados en un laberinto. Si quieren tener alguna posibilidad de salir de allí y recuperar su antigua vida y aquello que no son capaces de recordar deberán unir fuerzas para escapar. Un mundo post-apocalíptico que les acorralará e irá un paso por delante será el desafío que tengan que pasar estos jóvenes por la libertad.","{28,9648,878,53}",2014-09-10,https://image.tmdb.org/t/p/w500/egKi4jZKKVZzR8NaaNjEwMpEgHs.jpg,FALSE,7.19,17399,26.7167
1001435,La vida ante nosotros,"París. Julio 1942. A medida que se multiplican las redadas a familias judías, Tauba, de 13 años, y sus padres encuentran refugio en una habitación minúscula, bajo los tejados de la ciudad. A pesar de las circunstancias extremas de su vida, limitada a una buhardilla de sólo 6 metros cuadrados, Tauba se aferrará a la esperanza, encontrando alegría en las pequeñas cosas durante la ocupación nazi.","{18,36,10752}",2025-02-26,https://image.tmdb.org/t/p/w500/6coVK78FwwHFxvdguWDFlQp1pKi.jpg,FALSE,6.9,14,45.2905
573435,Bad Boys: Ride or Die,"Los policías más famosos del mundo regresan con su icónica mezcla de acción al límite y comedia escandalosa, pero esta vez con un giro inesperado: ¡Los mejores de Miami se dan a la fuga! Cuarta entrega de la saga 'Dos policías rebeldes'.","{28,35,80,53,12}",2024-06-05,https://image.tmdb.org/t/p/w500/5jI2vEHJReAx8iFDmhC2O3yW37w.jpg,FALSE,7.377,2941,24.163
19912,Destino final 4,"Nick O’Bannon y unos amigos acuden a un circuito de carreras para presenciar una prueba del Nascar. Durante ésta tiene lugar un terrible accidente que conlleva desastrosas consecuencias para el estadio. Pero Nick descubre que se trata de sólo una visión de algo que está a punto de suceder, y junto con otras doce personas consigue salir del recinto y escapar de una tragedia segura. Pensando que han burlado a la muerte, el grupo continúa con su vida, pero desafortunadamente para Nick, Lori y sus amigos sólo es el principio, ya que la muerte no deja cabos sueltos, y regresará para llevarse a los supervivientes de una manera brutal.","{27,9648}",2009-08-26,https://image.tmdb.org/t/p/w500/8b1tsUQW8hogJRi6FFHHfO7D1fu.jpg,FALSE,5.62,3544,24.7213
351286,Jurassic World: El reino caído,"Tras cuatro años de abandono del complejo turístico Jurassic World, la isla Nublar sólo está habitada por los dinosaurios supervivientes. Cuando el volcán inactivo de la isla comienza a cobrar vida, Owen y Claire montan una campaña para rescatar a los dinosaurios restantes en la isla.","{28,12,878,53}",2018-06-06,https://image.tmdb.org/t/p/w500/yHa2I7qxZvZUASLHrIR8vQLmZ4B.jpg,FALSE,6.54,12103,23.9266
346698,Barbie,"Barbie vive en Barbieland donde todo es ideal y lleno de música y color. Un buen día decide conocer el mundo real. Cuando el CEO de Mattel se entere, tratará de evitarlo a toda costa y devolver a Barbie a una caja.","{35,12}",2023-07-19,https://image.tmdb.org/t/p/w500/fNtqD4BTFj0Bgo9lyoAtmNFzxHN.jpg,FALSE,6.971,9989,25.4284
857598,పుష్పా 2 - The Rule,,"{28,18,53,80}",2024-12-04,https://image.tmdb.org/t/p/w500/gpNcQfQ4YGtFwEcrjcK9HxVM2KF.jpg,FALSE,6.7,74,16.4691
1356039,Contraataque,"En una misión de rescate de rehenes, el capitán Guerrero y sus soldados de élite sufren una emboscada de un despiadado cártel de la droga.","{28,12,53}",2025-02-27,https://image.tmdb.org/t/p/w500/kxnFdLJhi37ZVFDCL1ka0yeQVU5.jpg,FALSE,8.322,704,23.2582
1147416,"Miraculous World: Las Aventuras de Ladybug en Londres, la carrera contra el tiempo","Para salvar el futuro de un terrible destino, Marinette se convierte en Chronobug y se alía con Bunnyx para derrotar a un misterioso adversario que viaja a través del tiempo. ¿Quién es este nuevo supervillano y por qué está obsesionado con descubrir la identidad secreta de superheroína de Marinette? ¡La única esperanza de Marinette es derrotar a su nuevo oponente para evitar el fin de Ladybug y del tiempo!","{16,12,28,14}",2024-11-14,https://image.tmdb.org/t/p/w500/gdZ4REoGYhUk4OoN9bqY2U1xykm.jpg,FALSE,7.4,268,23.2168
8966,Crepúsculo,"La joven Bella Swan siempre fue una chica muy diferente ya en sus años de niña en Phoenix. Cuando su madre se volvió a casar, la mandó a vivir con su padre, a la pequeña y lluviosa ciudad de Forks, Washington, una población sin ningún aliciente para Bella. Pero entonces conoce en el instituo al misterioso y atractivo Edward Cullen, un joven distinto a los demás que esconde un secreto...","{14,18,10749}",2008-11-20,https://image.tmdb.org/t/p/w500/40ollvfwHaVF85lkkg522SIl3Qc.jpg,FALSE,6.286,13827,23.755
808,Shrek,"Hace mucho, mucho tiempo, en una lejanísima ciénaga vivía un intratable ogro llamado Shrek. Pero de repente, un día, su absoluta soledad se ve interrumpida por una invasión de sorprendentes personajes de cuento. Hay ratoncitos ciegos en su comida, un enorme y malísimo lobo en su cama, tres cerditos sin hogar y otros muchos seres increíbles que han sido deportados de su reino por el malvado Lord Farquaad. Para conseguir salvar su terreno, y de paso a sí mismo, Shrek hace un pacto con Farquaad y emprende viaje para conseguir que la preciosa princesa Fiona sea la novia del Lord. En tan importante misión le acompañan un burro chistoso, dispuesto a hacer cualquier cosa por Shrek. Todo, menos estarse calladito. Rescatar a la princesa de una dragona enamoradiza que suelta fuego al respirar va a resultar una tontería comparado con lo que ocurre cuando el oscuro secreto que la joven guardaba es revelado.","{16,35,14,12,10751}",2001-05-18,https://image.tmdb.org/t/p/w500/5G1RjHMSt7nYONqCqSwFlP87Ckk.jpg,FALSE,7.752,17745,23.9159
269149,Zootrópolis,"La moderna metrópoli mamífera de Zootrópolis es una ciudad absolutamente única. Está compuesta de barrios con diferentes hábitats como la lujosa Plaza Sahara, el Distrito Selva Tropical y el gélido Distrito Tundra. Es un crisol donde los animales de cada entorno conviven, un lugar donde no importa lo que seas. De hecho puedes ser cualquier cosa, desde un elefante enorme hasta la musaraña más diminuta. Pero cuando llega la optimista agente Judy Hopps, descubre que ser la primera conejita de un cuerpo policial compuesto de animales duros y enormes no es nada fácil. Pero está decidida a demostrar su valía y se mete de cabeza en un caso, a pesar de que eso significa trabajar con Nick Wilde, un zorro parlanchín y estafador, para resolver el misterio.","{16,12,10751,35}",2016-02-11,https://image.tmdb.org/t/p/w500/i3WnZpJkQYXXbSGplEGmyoyeskM.jpg,FALSE,7.748,16736,23.7608
1477114,Sorority,,"{18,10749}",2025-06-13,https://image.tmdb.org/t/p/w500/jm4CYBED9I5e8Cp7zlj8cDifUVB.jpg,FALSE,0.0,0,25.888
674,Harry Potter y el cáliz de fuego,"En el cuarto año en Hogwarts, Harry se enfrenta al mayor de los desafíos y peligros de la saga. Cuando es elegido bajo misteriosas circunstancias como el competidor que representará a Hogwarts en el Torneo Triwizard, Harry deberá competir contra los mejores jóvenes magos de toda Europa. Pero mientras se prepara, aparecen pruebas que manifiestan que Lord Voldemort ha regresado. Antes de darse cuenta, Harry no solo estará luchando por el campeonato sino también por su vida","{12,14}",2005-11-16,https://image.tmdb.org/t/p/w500/6Cn5Lx9kqhXzTNV5QXwZ3RW5pBg.jpg,FALSE,7.8,21225,23.5277
1100782,Smile 2,"La estrella del pop mundial Skye Riley está a punto de embarcarse en una nueva gira mundial cuando empieza a experimentar una serie de sucesos cada vez más aterradores e inexplicables. Angustiada por la espiral de horrores y la abrumadora presión de la fama, Skye tendrá que enfrentarse a su oscuro pasado para recuperar el control de su vida antes de que sea demasiado tarde. Secuela del exitoso film de terror 'Smile' (2022).","{27,9648}",2024-10-16,https://image.tmdb.org/t/p/w500/aQtWauWpy5KQEHsBURDnoTD6svd.jpg,FALSE,6.589,1594,23.0488
1297763,Batman Ninja vs. Yakuza League,"Sólo un día después de regresar del pasado, Batman y sus aliados descubren que el mundo no es exactamente el mismo que dejaron. Toda la isla de Japón ya no existe y los héroes de la Liga de la Justicia tampoco. Pero antes de que puedan comprender lo que está pasando, los yakuza empiezan a llover literalmente del cielo. Secuela de la película anime 3D ""Batman Ninja"".","{16,28}",2025-03-17,https://image.tmdb.org/t/p/w500/3hVjnB5FE4gBrR5rqk42qiBFgGe.jpg,FALSE,6.7,163,21.5812
120,El señor de los anillos: La comunidad del anillo,"En la Tierra Media, el Señor Oscuro Saurón creó los Grandes Anillos de Poder, forjados por los herreros Elfos. Tres para los reyes Elfos, siete para los Señores Enanos, y nueve para los Hombres Mortales. Secretamente, Saurón también forjó un anillo maestro, el Anillo Único, que contiene en sí el poder para esclavizar a toda la Tierra Media. Con la ayuda de un grupo de amigos y de valientes aliados, Frodo emprende un peligroso viaje con la misión de destruir el Anillo Único. Pero el Señor Oscuro Sauron, quien creara el Anillo, envía a sus servidores para perseguir al grupo. Si Sauron lograra recuperar el Anillo, sería el final de la Tierra Media.","{12,14,28}",2001-12-18,https://image.tmdb.org/t/p/w500/9xtH1RmAzQ0rrMBNUMXstb2s3er.jpg,FALSE,8.423,26053,23.5741
1405338,Oni-Goroshi: Ciudad de los demonios,Un asesino a sueldo retirado no se detiene ante nada para vengarse de los enmascarados que han tomado la ciudad tras inculparlo de matar a su propia familia y darlo por muerto.,"{28,80,14,53}",2025-02-26,https://image.tmdb.org/t/p/w500/cU6InMc8NYc54Ok4NnNHdjipqCQ.jpg,FALSE,7.027,244,22.2738
1453280,A Kind of Madness,,{18},2025-04-11,https://image.tmdb.org/t/p/w500/eQxybFsZbs9FXaaqje5BJ01WuQo.jpg,FALSE,5.0,1,20.8354
673,Harry Potter y el prisionero de Azkaban,"Harry está deseando que termine el verano para comenzar un nuevo curso en Hogwarts, y abandonar lo antes posible la casa de sus despreciables tíos, los Dursley. Lo que desconoce Harry es que va a tener que abandonar Privet Drive antes de tiempo e inesperadamente después de convertir a su tía Marge en un globo gigante. Un autobús noctámbulo, y encantado por supuesto, le llevará a la taberna El Caldero Chorreante, donde le espera nada menos que Cornelius Fudge, el Ministro de Magia.","{12,14}",2004-05-31,https://image.tmdb.org/t/p/w500/wF9aoo4YZmpKP4bZPSy4Zwwek6G.jpg,FALSE,8.012,22167,24.048
438631,Dune,"En un lejano futuro, la galaxia conocida es gobernada mediante un sistema feudal de casas nobles bajo el mandato del Emperador. Las alianzas y la política giran entorno a un pequeño planeta, Dune,  del que extrae la 'especia melange', la materia prima que permite los viajes espaciales. La Casa Atreides, bajo el mandato del Duque Leto Atreides recibe el encargo de custodiar el planeta, relevando en la encomienda a sus históricos enemigos, los Harkonnen. Paul Atreides, hijo del duque, se verá atrapado en las intrigas políticas mientras descubre el destino que le deparan los desiertos de Dune.","{878,12}",2021-09-15,https://image.tmdb.org/t/p/w500/szcew6yyjcDvaL0isaPBk2e3nkF.jpg,FALSE,7.781,13629,21.8334
155,El caballero oscuro,"Batman/Bruce Wayne regresa para continuar su guerra contra el crimen. Con la ayuda del teniente Jim Gordon y del Fiscal del Distrito Harvey Dent, Batman se propone destruir el crimen organizado en la ciudad de Gotham. El triunvirato demuestra su eficacia, pero, de repente, aparece Joker, un nuevo criminal que desencadena el caos y tiene aterrados a los ciudadanos.","{18,28,80,53}",2008-07-16,https://image.tmdb.org/t/p/w500/8QDQExnfNFOtabLDKqfDQuHDsIg.jpg,FALSE,8.52,33967,28.1811
1125899,Cleaner,"Después de que un grupo de activistas se apodere de la gala anual de una compañía energética para denunciar su corrupción, su justa causa es secuestrada por un extremista dispuesto a asesinar a las 300 personas presentes en el edificio para transmitir su mensaje anárquico. Una ex soldado convertida en limpiacristales, suspendida 50 pisos en el exterior del rascacielos londinense, es la encargada de intentar salvar a los que están atrapados dentro, incluido su hermano pequeño.","{28,53}",2025-02-19,https://image.tmdb.org/t/p/w500/mwzDApMZAGeYCEVjhegKvCzDX0W.jpg,FALSE,6.53,286,20.8374
298618,Flash,"Cuando su intento de salvar a su familia altera sin darse cuenta el futuro, Barry Allen queda atrapado en una realidad en la que el General Zod ha regresado y no hay superhéroes a quienes recurrir. Para salvar el mundo en el que se encuentra y regresar al futuro que conoce, la única esperanza de Barry es correr por su vida. Pero, ¿será suficiente hacer el sacrificio máximo para restablecer el universo?","{12,28,878}",2023-06-13,https://image.tmdb.org/t/p/w500/gNbZNuZ2fBferjJspfmvnskODGc.jpg,FALSE,6.65,4576,18.97
603,Matrix,"Thomas Anderson lleva una doble vida: por el día es programador en una importante empresa de software, y por la noche un hacker informático llamado Neo. Su vida no volverá a ser igual cuando unos misteriosos personajes le inviten a descubrir la respuesta a la pregunta que no le deja dormir: ¿qué es Matrix?","{28,878}",1999-03-31,https://image.tmdb.org/t/p/w500/5cDHSeoVVZqypEkphJQ0a4FHRjF.jpg,FALSE,8.227,26472,22.2529
507086,Jurassic World: Dominion,"Cuatro años después de la destrucción de Isla Nublar, los dinosaurios conviven – y cazan – con los seres humanos en todo el mundo. Este frágil equilibrio cambiará el futuro y decidirá, de una vez por todas, si los seres humanos seguirán en la cúspide de los depredadores en un planeta que comparten con los animales más temibles de la creación.","{12,28,878}",2022-06-01,https://image.tmdb.org/t/p/w500/sXeWfpT1EhG7f4uBouqraOhmouH.jpg,FALSE,6.66,6421,24.0001
954,Misión imposible,"Ethan Hunt es un superespía capaz de resolver cualquier arriesgada situación con la máxima elegancia. Forma parte de un competente equipo dirigido por el agente Jim Phelps, que ha vuelto a reunir a sus hombres para participar en una dificilísima misión: evitar la venta de un disco robado que contiene información secreta de vital importancia.","{12,28,53}",1996-05-22,https://image.tmdb.org/t/p/w500/xCpmxw3UUjv4PGzbIPOHeoKAV0l.jpg,FALSE,7.002,9331,22.1607
